(node:3475) ExperimentalWarning: SQLite is an experimental feature and might change at any time
(Use `node --trace-warnings ...` to show where the warning was created)
{"phase":"warmup","name":"full-reset","index":1,"ms":1730.0667499999981}
{"phase":"warmup","name":"full-reset","index":2,"ms":1808.1032909999994}
{"phase":"warmup","name":"full-reset","index":3,"ms":1680.3061250000028}
{"phase":"warmup","name":"full-reset","index":4,"ms":1653.0854160000017}
{"phase":"warmup","name":"full-reset","index":5,"ms":1698.1489169999986}
{"phase":"warmup","name":"full-reset","index":6,"ms":1653.5769589999982}
{"phase":"warmup","name":"full-reset","index":7,"ms":1687.9817919999914}
{"phase":"warmup","name":"full-reset","index":8,"ms":1644.6095839999907}
{"phase":"warmup","name":"full-reset","index":9,"ms":1686.1967920000025}
{"phase":"warmup","name":"full-reset","index":10,"ms":1657.4522079999879}
{"phase":"sample","name":"full-reset","index":1,"ms":1744.5028750000056}
{"phase":"sample","name":"full-reset","index":2,"ms":1608.3086670000048}
{"phase":"sample","name":"full-reset","index":3,"ms":1603.6061670000054}
{"phase":"sample","name":"full-reset","index":4,"ms":1598.9351250000036}
{"phase":"sample","name":"full-reset","index":5,"ms":1713.8130419999943}
{"phase":"sample","name":"full-reset","index":6,"ms":1601.7682499999937}
{"phase":"sample","name":"full-reset","index":7,"ms":1625.2540840000001}
{"phase":"sample","name":"full-reset","index":8,"ms":1592.7731670000067}
{"phase":"sample","name":"full-reset","index":9,"ms":1761.4541670000035}
{"phase":"sample","name":"full-reset","index":10,"ms":1589.4473750000034}
{"phase":"sample","name":"full-reset","index":11,"ms":1599.6959590000042}
{"phase":"sample","name":"full-reset","index":12,"ms":1587.7259579999954}
{"phase":"sample","name":"full-reset","index":13,"ms":1586.510666999995}
{"phase":"sample","name":"full-reset","index":14,"ms":1574.926667000007}
{"phase":"sample","name":"full-reset","index":15,"ms":1587.4825839999976}
{"phase":"sample","name":"full-reset","index":16,"ms":1578.5897499999992}
{"phase":"sample","name":"full-reset","index":17,"ms":1592.2039579999982}
{"phase":"sample","name":"full-reset","index":18,"ms":1579.1489170000132}
{"phase":"sample","name":"full-reset","index":19,"ms":1591.9539170000062}
{"phase":"sample","name":"full-reset","index":20,"ms":1558.5821670000005}
{"phase":"sample","name":"full-reset","index":21,"ms":1726.9817080000066}
{"phase":"sample","name":"full-reset","index":22,"ms":1570.774000000005}
{"phase":"sample","name":"full-reset","index":23,"ms":1589.8002909999923}
{"phase":"sample","name":"full-reset","index":24,"ms":1606.2029169999878}
{"phase":"sample","name":"full-reset","index":25,"ms":1569.9936670000025}
{"phase":"sample","name":"full-reset","index":26,"ms":1589.9506669999973}
{"phase":"sample","name":"full-reset","index":27,"ms":1585.283374999999}
{"phase":"sample","name":"full-reset","index":28,"ms":1587.1606250000186}
{"phase":"sample","name":"full-reset","index":29,"ms":1559.5948749999807}
{"phase":"sample","name":"full-reset","index":30,"ms":1572.6761250000272}
{"name":"full-reset","timing":{"warmup":10,"samples":30,"rawMs":[1744.5028750000056,1608.3086670000048,1603.6061670000054,1598.9351250000036,1713.8130419999943,1601.7682499999937,1625.2540840000001,1592.7731670000067,1761.4541670000035,1589.4473750000034,1599.6959590000042,1587.7259579999954,1586.510666999995,1574.926667000007,1587.4825839999976,1578.5897499999992,1592.2039579999982,1579.1489170000132,1591.9539170000062,1558.5821670000005,1726.9817080000066,1570.774000000005,1589.8002909999923,1606.2029169999878,1569.9936670000025,1589.9506669999973,1585.283374999999,1587.1606250000186,1559.5948749999807,1572.6761250000272],"min":1558.5821670000005,"max":1761.4541670000035,"p50":1589.8002909999923,"p95":1744.5028750000056},"outputDigest":"d0ccc02d38b5b49088f7ac8b7a424075ab1029693e3116a8e2948c23d6c10276","calls":{"handler":0,"probe":0,"accept":0}}
{"phase":"warmup","name":"forced-reset","index":1,"ms":1566.1696250000095}
{"phase":"warmup","name":"forced-reset","index":2,"ms":1554.326374999975}
{"phase":"warmup","name":"forced-reset","index":3,"ms":1570.9212499999849}
{"phase":"warmup","name":"forced-reset","index":4,"ms":1561.5737920000101}
{"phase":"warmup","name":"forced-reset","index":5,"ms":1567.0248330000031}
{"phase":"warmup","name":"forced-reset","index":6,"ms":1548.9890409999934}
{"phase":"warmup","name":"forced-reset","index":7,"ms":1556.185749999975}
{"phase":"warmup","name":"forced-reset","index":8,"ms":1541.3797909999848}
{"phase":"warmup","name":"forced-reset","index":9,"ms":1631.262916000007}
{"phase":"warmup","name":"forced-reset","index":10,"ms":1551.1137500000186}
{"phase":"sample","name":"forced-reset","index":1,"ms":1561.1988750000019}
{"phase":"sample","name":"forced-reset","index":2,"ms":1786.8288330000069}
{"phase":"sample","name":"forced-reset","index":3,"ms":1527.4580410000053}
{"phase":"sample","name":"forced-reset","index":4,"ms":1521.4119169999904}
{"phase":"sample","name":"forced-reset","index":5,"ms":1538.7320000000182}
{"phase":"sample","name":"forced-reset","index":6,"ms":1530.8484999999928}
{"phase":"sample","name":"forced-reset","index":7,"ms":1551.3372500000114}
{"phase":"sample","name":"forced-reset","index":8,"ms":1540.457792000001}
{"phase":"sample","name":"forced-reset","index":9,"ms":1558.4481249999953}
{"phase":"sample","name":"forced-reset","index":10,"ms":1549.0038749999949}
{"phase":"sample","name":"forced-reset","index":11,"ms":1573.1308339999814}
{"phase":"sample","name":"forced-reset","index":12,"ms":1560.024207999988}
{"phase":"sample","name":"forced-reset","index":13,"ms":1558.137875000015}
{"phase":"sample","name":"forced-reset","index":14,"ms":1543.7507090000145}
{"phase":"sample","name":"forced-reset","index":15,"ms":1556.1447919999773}
{"phase":"sample","name":"forced-reset","index":16,"ms":1522.639582999982}
{"phase":"sample","name":"forced-reset","index":17,"ms":1537.177040999988}
{"phase":"sample","name":"forced-reset","index":18,"ms":1521.497000000003}
{"phase":"sample","name":"forced-reset","index":19,"ms":1543.6509999999835}
{"phase":"sample","name":"forced-reset","index":20,"ms":1518.3203750000102}
{"phase":"sample","name":"forced-reset","index":21,"ms":1570.2324580000131}
{"phase":"sample","name":"forced-reset","index":22,"ms":1535.3846669999766}
{"phase":"sample","name":"forced-reset","index":23,"ms":1565.9718330000178}
{"phase":"sample","name":"forced-reset","index":24,"ms":1667.8671250000189}
{"phase":"sample","name":"forced-reset","index":25,"ms":1558.6382079999894}
{"phase":"sample","name":"forced-reset","index":26,"ms":1534.9667910000135}
{"phase":"sample","name":"forced-reset","index":27,"ms":1546.8014170000097}
{"phase":"sample","name":"forced-reset","index":28,"ms":1554.384584000014}
{"phase":"sample","name":"forced-reset","index":29,"ms":1553.3670839999977}
{"phase":"sample","name":"forced-reset","index":30,"ms":1534.0244579999999}
{"name":"forced-reset","timing":{"warmup":10,"samples":30,"rawMs":[1561.1988750000019,1786.8288330000069,1527.4580410000053,1521.4119169999904,1538.7320000000182,1530.8484999999928,1551.3372500000114,1540.457792000001,1558.4481249999953,1549.0038749999949,1573.1308339999814,1560.024207999988,1558.137875000015,1543.7507090000145,1556.1447919999773,1522.639582999982,1537.177040999988,1521.497000000003,1543.6509999999835,1518.3203750000102,1570.2324580000131,1535.3846669999766,1565.9718330000178,1667.8671250000189,1558.6382079999894,1534.9667910000135,1546.8014170000097,1554.384584000014,1553.3670839999977,1534.0244579999999],"min":1518.3203750000102,"max":1786.8288330000069,"p50":1546.8014170000097,"p95":1667.8671250000189},"outputDigest":"d0ccc02d38b5b49088f7ac8b7a424075ab1029693e3116a8e2948c23d6c10276","calls":{"handler":0,"probe":0,"accept":0}}
{"phase":"warmup","name":"retention-reset","index":1,"ms":1549.8854579999752}
{"phase":"warmup","name":"retention-reset","index":2,"ms":1552.2945410000102}
{"phase":"warmup","name":"retention-reset","index":3,"ms":1618.1972079999978}
{"phase":"warmup","name":"retention-reset","index":4,"ms":1530.4426669999957}
{"phase":"warmup","name":"retention-reset","index":5,"ms":1539.6970420000143}
{"phase":"warmup","name":"retention-reset","index":6,"ms":1537.547166000004}
{"phase":"warmup","name":"retention-reset","index":7,"ms":1539.2811669999792}
{"phase":"warmup","name":"retention-reset","index":8,"ms":1538.0456249999988}
{"phase":"warmup","name":"retention-reset","index":9,"ms":1563.6267090000038}
{"phase":"warmup","name":"retention-reset","index":10,"ms":1552.090124999988}
{"phase":"sample","name":"retention-reset","index":1,"ms":1796.4516670000157}
{"phase":"sample","name":"retention-reset","index":2,"ms":1573.91287499998}
{"phase":"sample","name":"retention-reset","index":3,"ms":1552.7491670000018}
{"phase":"sample","name":"retention-reset","index":4,"ms":1549.6001659999893}
{"phase":"sample","name":"retention-reset","index":5,"ms":1554.6681670000253}
{"phase":"sample","name":"retention-reset","index":6,"ms":1532.6765409999934}
{"phase":"sample","name":"retention-reset","index":7,"ms":1561.3163329999952}
{"phase":"sample","name":"retention-reset","index":8,"ms":1544.2542079999985}
{"phase":"sample","name":"retention-reset","index":9,"ms":1568.1789160000044}
{"phase":"sample","name":"retention-reset","index":10,"ms":2838.8012499999895}
{"phase":"sample","name":"retention-reset","index":11,"ms":1648.9483340000152}
{"phase":"sample","name":"retention-reset","index":12,"ms":1574.810999999987}
{"phase":"sample","name":"retention-reset","index":13,"ms":1578.6047079999698}
{"phase":"sample","name":"retention-reset","index":14,"ms":1587.7517919999664}
{"phase":"sample","name":"retention-reset","index":15,"ms":1607.9909580000094}
{"phase":"sample","name":"retention-reset","index":16,"ms":1641.7785419999855}
{"phase":"sample","name":"retention-reset","index":17,"ms":1606.5978749999776}
{"phase":"sample","name":"retention-reset","index":18,"ms":1612.1588750000228}
{"phase":"sample","name":"retention-reset","index":19,"ms":1590.5317500000237}
{"phase":"sample","name":"retention-reset","index":20,"ms":1578.3479170000064}
{"phase":"sample","name":"retention-reset","index":21,"ms":1601.4980830000131}
{"phase":"sample","name":"retention-reset","index":22,"ms":1604.2192499999655}
{"phase":"sample","name":"retention-reset","index":23,"ms":1589.2019580000197}
{"phase":"sample","name":"retention-reset","index":24,"ms":1585.39724999998}
{"phase":"sample","name":"retention-reset","index":25,"ms":1595.8258330000099}
{"phase":"sample","name":"retention-reset","index":26,"ms":1593.4867080000113}
{"phase":"sample","name":"retention-reset","index":27,"ms":1796.5298750000075}
{"phase":"sample","name":"retention-reset","index":28,"ms":2035.938124999986}
{"phase":"sample","name":"retention-reset","index":29,"ms":1716.2237500000047}
{"phase":"sample","name":"retention-reset","index":30,"ms":1683.9074170000385}
{"name":"retention-reset","timing":{"warmup":10,"samples":30,"rawMs":[1796.4516670000157,1573.91287499998,1552.7491670000018,1549.6001659999893,1554.6681670000253,1532.6765409999934,1561.3163329999952,1544.2542079999985,1568.1789160000044,2838.8012499999895,1648.9483340000152,1574.810999999987,1578.6047079999698,1587.7517919999664,1607.9909580000094,1641.7785419999855,1606.5978749999776,1612.1588750000228,1590.5317500000237,1578.3479170000064,1601.4980830000131,1604.2192499999655,1589.2019580000197,1585.39724999998,1595.8258330000099,1593.4867080000113,1796.5298750000075,2035.938124999986,1716.2237500000047,1683.9074170000385],"min":1532.6765409999934,"max":2838.8012499999895,"p50":1590.5317500000237,"p95":2035.938124999986},"outputDigest":"65124581bfe57c61425b625953ebd73da63872067c787099e9f5836949f014d3","calls":{"handler":0,"probe":0,"accept":0}}
{"phase":"warmup","name":"all-live-changed-incremental","index":1,"ms":1529.0897499999846}
{"phase":"warmup","name":"all-live-changed-incremental","index":2,"ms":1540.2301250000019}
{"phase":"warmup","name":"all-live-changed-incremental","index":3,"ms":1528.458042000013}
{"phase":"warmup","name":"all-live-changed-incremental","index":4,"ms":1550.571917000052}
{"phase":"warmup","name":"all-live-changed-incremental","index":5,"ms":1534.766958000022}
{"phase":"warmup","name":"all-live-changed-incremental","index":6,"ms":1795.738207999966}
{"phase":"warmup","name":"all-live-changed-incremental","index":7,"ms":1512.6021670000046}
{"phase":"warmup","name":"all-live-changed-incremental","index":8,"ms":1535.8468749999884}
{"phase":"warmup","name":"all-live-changed-incremental","index":9,"ms":1474.6493330000085}
{"phase":"warmup","name":"all-live-changed-incremental","index":10,"ms":1514.3421669999952}
{"phase":"sample","name":"all-live-changed-incremental","index":1,"ms":1472.188375000027}
{"phase":"sample","name":"all-live-changed-incremental","index":2,"ms":1505.921624999959}
{"phase":"sample","name":"all-live-changed-incremental","index":3,"ms":1488.5497500000056}
{"phase":"sample","name":"all-live-changed-incremental","index":4,"ms":1512.4112500000047}
{"phase":"sample","name":"all-live-changed-incremental","index":5,"ms":1500.221292000031}
{"phase":"sample","name":"all-live-changed-incremental","index":6,"ms":1483.938291999977}
{"phase":"sample","name":"all-live-changed-incremental","index":7,"ms":1504.3236669999897}
{"phase":"sample","name":"all-live-changed-incremental","index":8,"ms":1486.1656660000444}
{"phase":"sample","name":"all-live-changed-incremental","index":9,"ms":1486.758708999958}
{"phase":"sample","name":"all-live-changed-incremental","index":10,"ms":1473.6160000000382}
{"phase":"sample","name":"all-live-changed-incremental","index":11,"ms":1488.7622919999994}
{"phase":"sample","name":"all-live-changed-incremental","index":12,"ms":1470.006041000015}
{"phase":"sample","name":"all-live-changed-incremental","index":13,"ms":1499.296541000018}
{"phase":"sample","name":"all-live-changed-incremental","index":14,"ms":1467.8435409999802}
{"phase":"sample","name":"all-live-changed-incremental","index":15,"ms":1491.3676250000135}
{"phase":"sample","name":"all-live-changed-incremental","index":16,"ms":1505.9343750000116}
{"phase":"sample","name":"all-live-changed-incremental","index":17,"ms":1500.8711250000051}
{"phase":"sample","name":"all-live-changed-incremental","index":18,"ms":1470.6655419999734}
{"phase":"sample","name":"all-live-changed-incremental","index":19,"ms":1587.1432919999934}
{"phase":"sample","name":"all-live-changed-incremental","index":20,"ms":1476.4830000000075}
{"phase":"sample","name":"all-live-changed-incremental","index":21,"ms":1510.1208749999641}
{"phase":"sample","name":"all-live-changed-incremental","index":22,"ms":1579.6790000000037}
{"phase":"sample","name":"all-live-changed-incremental","index":23,"ms":1507.013957999996}
{"phase":"sample","name":"all-live-changed-incremental","index":24,"ms":1483.0392909999937}
{"phase":"sample","name":"all-live-changed-incremental","index":25,"ms":1542.674457999994}
{"phase":"sample","name":"all-live-changed-incremental","index":26,"ms":1473.4230830000015}
{"phase":"sample","name":"all-live-changed-incremental","index":27,"ms":1551.128417}
{"phase":"sample","name":"all-live-changed-incremental","index":28,"ms":1465.1206660000025}
{"phase":"sample","name":"all-live-changed-incremental","index":29,"ms":1498.7019580000197}
{"phase":"sample","name":"all-live-changed-incremental","index":30,"ms":1463.5243330000085}
{"name":"all-live-changed-incremental","timing":{"warmup":10,"samples":30,"rawMs":[1472.188375000027,1505.921624999959,1488.5497500000056,1512.4112500000047,1500.221292000031,1483.938291999977,1504.3236669999897,1486.1656660000444,1486.758708999958,1473.6160000000382,1488.7622919999994,1470.006041000015,1499.296541000018,1467.8435409999802,1491.3676250000135,1505.9343750000116,1500.8711250000051,1470.6655419999734,1587.1432919999934,1476.4830000000075,1510.1208749999641,1579.6790000000037,1507.013957999996,1483.0392909999937,1542.674457999994,1473.4230830000015,1551.128417,1465.1206660000025,1498.7019580000197,1463.5243330000085],"min":1463.5243330000085,"max":1587.1432919999934,"p50":1488.7622919999994,"p95":1579.6790000000037},"outputDigest":"b94f556a8027eb218d2045287e568bfa1d347af45d4614ecf84cc6e18f21d30e","calls":{"handler":0,"probe":0,"accept":0}}
{"phase":"warmup","name":"empty-incremental","index":1,"ms":0.13733300002058968}
{"phase":"warmup","name":"empty-incremental","index":2,"ms":0.11362499999813735}
{"phase":"warmup","name":"empty-incremental","index":3,"ms":0.12204200000269338}
{"phase":"warmup","name":"empty-incremental","index":4,"ms":0.11441600002581254}
{"phase":"warmup","name":"empty-incremental","index":5,"ms":0.11441599996760488}
{"phase":"warmup","name":"empty-incremental","index":6,"ms":0.11591599998064339}
{"phase":"warmup","name":"empty-incremental","index":7,"ms":0.11962499999208376}
{"phase":"warmup","name":"empty-incremental","index":8,"ms":0.11975000001257285}
{"phase":"warmup","name":"empty-incremental","index":9,"ms":0.12229199998546392}
{"phase":"warmup","name":"empty-incremental","index":10,"ms":0.27187499997671694}
{"phase":"sample","name":"empty-incremental","index":1,"ms":0.11733300000196323}
{"phase":"sample","name":"empty-incremental","index":2,"ms":0.12524999998277053}
{"phase":"sample","name":"empty-incremental","index":3,"ms":0.12483300000894815}
{"phase":"sample","name":"empty-incremental","index":4,"ms":0.14104199997382239}
{"phase":"sample","name":"empty-incremental","index":5,"ms":0.13445799995679408}
{"phase":"sample","name":"empty-incremental","index":6,"ms":0.12329099996713921}
{"phase":"sample","name":"empty-incremental","index":7,"ms":0.1305419999989681}
{"phase":"sample","name":"empty-incremental","index":8,"ms":0.12583400000585243}
{"phase":"sample","name":"empty-incremental","index":9,"ms":0.1139170000096783}
{"phase":"sample","name":"empty-incremental","index":10,"ms":0.1054170000134036}
{"phase":"sample","name":"empty-incremental","index":11,"ms":0.11712499998975545}
{"phase":"sample","name":"empty-incremental","index":12,"ms":0.12141700001666322}
{"phase":"sample","name":"empty-incremental","index":13,"ms":0.11504199996124953}
{"phase":"sample","name":"empty-incremental","index":14,"ms":0.10479200002737343}
{"phase":"sample","name":"empty-incremental","index":15,"ms":0.1445829999865964}
{"phase":"sample","name":"empty-incremental","index":16,"ms":0.11383300001034513}
{"phase":"sample","name":"empty-incremental","index":17,"ms":0.12095800001407042}
{"phase":"sample","name":"empty-incremental","index":18,"ms":0.11662500002421439}
{"phase":"sample","name":"empty-incremental","index":19,"ms":0.12129199999617413}
{"phase":"sample","name":"empty-incremental","index":20,"ms":0.14525000000139698}
{"phase":"sample","name":"empty-incremental","index":21,"ms":0.12075000000186265}
{"phase":"sample","name":"empty-incremental","index":22,"ms":0.13437500002328306}
{"phase":"sample","name":"empty-incremental","index":23,"ms":0.13175000000046566}
{"phase":"sample","name":"empty-incremental","index":24,"ms":0.11237499996786937}
{"phase":"sample","name":"empty-incremental","index":25,"ms":0.11804199998732656}
{"phase":"sample","name":"empty-incremental","index":26,"ms":0.11791699996683747}
{"phase":"sample","name":"empty-incremental","index":27,"ms":0.11370899999747053}
{"phase":"sample","name":"empty-incremental","index":28,"ms":0.11987499997485429}
{"phase":"sample","name":"empty-incremental","index":29,"ms":0.11495800002012402}
{"phase":"sample","name":"empty-incremental","index":30,"ms":0.1153749999939464}
{"name":"empty-incremental","timing":{"warmup":10,"samples":30,"rawMs":[0.11733300000196323,0.12524999998277053,0.12483300000894815,0.14104199997382239,0.13445799995679408,0.12329099996713921,0.1305419999989681,0.12583400000585243,0.1139170000096783,0.1054170000134036,0.11712499998975545,0.12141700001666322,0.11504199996124953,0.10479200002737343,0.1445829999865964,0.11383300001034513,0.12095800001407042,0.11662500002421439,0.12129199999617413,0.14525000000139698,0.12075000000186265,0.13437500002328306,0.13175000000046566,0.11237499996786937,0.11804199998732656,0.11791699996683747,0.11370899999747053,0.11987499997485429,0.11495800002012402,0.1153749999939464],"min":0.10479200002737343,"max":0.14525000000139698,"p50":0.11987499997485429,"p95":0.1445829999865964},"outputDigest":"fe4befe80f3bc1bb7a3e28514f3dd5deb408f17ad4c453ee8efbc4015915e13d","calls":{"handler":0,"probe":0,"accept":0}}
{"phase":"warmup","name":"one-group-detail","index":1,"ms":469.9248329999973}
{"phase":"warmup","name":"one-group-detail","index":2,"ms":478.2376669999794}
{"phase":"warmup","name":"one-group-detail","index":3,"ms":472.86779200000456}
{"phase":"warmup","name":"one-group-detail","index":4,"ms":468.20549999998184}
{"phase":"warmup","name":"one-group-detail","index":5,"ms":472.6634160000249}
{"phase":"warmup","name":"one-group-detail","index":6,"ms":479.1913330000243}
{"phase":"warmup","name":"one-group-detail","index":7,"ms":476.908000000054}
{"phase":"warmup","name":"one-group-detail","index":8,"ms":467.2368750000023}
{"phase":"warmup","name":"one-group-detail","index":9,"ms":466.27974999998696}
{"phase":"warmup","name":"one-group-detail","index":10,"ms":472.2465840000077}
{"phase":"sample","name":"one-group-detail","index":1,"ms":482.7467920000199}
{"phase":"sample","name":"one-group-detail","index":2,"ms":472.5067090000375}
{"phase":"sample","name":"one-group-detail","index":3,"ms":470.0537910000421}
{"phase":"sample","name":"one-group-detail","index":4,"ms":470.7219169999589}
{"phase":"sample","name":"one-group-detail","index":5,"ms":483.89299999998184}
{"phase":"sample","name":"one-group-detail","index":6,"ms":475.30758299998706}
{"phase":"sample","name":"one-group-detail","index":7,"ms":463.16720800002804}
{"phase":"sample","name":"one-group-detail","index":8,"ms":461.9587080000201}
{"phase":"sample","name":"one-group-detail","index":9,"ms":469.81762499996694}
{"phase":"sample","name":"one-group-detail","index":10,"ms":478.06379200000083}
{"phase":"sample","name":"one-group-detail","index":11,"ms":465.76687500003027}
{"phase":"sample","name":"one-group-detail","index":12,"ms":466.6978329999838}
{"phase":"sample","name":"one-group-detail","index":13,"ms":468.03979100001743}
{"phase":"sample","name":"one-group-detail","index":14,"ms":477.5900419999962}
{"phase":"sample","name":"one-group-detail","index":15,"ms":478.59433300001547}
{"phase":"sample","name":"one-group-detail","index":16,"ms":473.98333299998194}
{"phase":"sample","name":"one-group-detail","index":17,"ms":468.24849999998696}
{"phase":"sample","name":"one-group-detail","index":18,"ms":466.7897079999675}
{"phase":"sample","name":"one-group-detail","index":19,"ms":479.78529199998593}
{"phase":"sample","name":"one-group-detail","index":20,"ms":473.55758299998706}
{"phase":"sample","name":"one-group-detail","index":21,"ms":611.5913750000182}
{"phase":"sample","name":"one-group-detail","index":22,"ms":464.6189579999773}
{"phase":"sample","name":"one-group-detail","index":23,"ms":477.15991699998267}
{"phase":"sample","name":"one-group-detail","index":24,"ms":478.1972919999971}
{"phase":"sample","name":"one-group-detail","index":25,"ms":469.42424999998184}
{"phase":"sample","name":"one-group-detail","index":26,"ms":473.23816599999554}
{"phase":"sample","name":"one-group-detail","index":27,"ms":470.4525839999551}
{"phase":"sample","name":"one-group-detail","index":28,"ms":489.2183330000262}
{"phase":"sample","name":"one-group-detail","index":29,"ms":475.1539169999887}
{"phase":"sample","name":"one-group-detail","index":30,"ms":478.28954099997645}
{"name":"one-group-detail","timing":{"warmup":10,"samples":30,"rawMs":[482.7467920000199,472.5067090000375,470.0537910000421,470.7219169999589,483.89299999998184,475.30758299998706,463.16720800002804,461.9587080000201,469.81762499996694,478.06379200000083,465.76687500003027,466.6978329999838,468.03979100001743,477.5900419999962,478.59433300001547,473.98333299998194,468.24849999998696,466.7897079999675,479.78529199998593,473.55758299998706,611.5913750000182,464.6189579999773,477.15991699998267,478.1972919999971,469.42424999998184,473.23816599999554,470.4525839999551,489.2183330000262,475.1539169999887,478.28954099997645],"min":461.9587080000201,"max":611.5913750000182,"p50":473.23816599999554,"p95":489.2183330000262},"outputDigest":"cad0a7da400208c27396c711a16d07ad198adc54cf2ab8d2012f1314c92bcb36","calls":{"handler":0,"probe":0,"accept":0}}
{"phase":"warmup","name":"all-live-detail","index":1,"ms":47725.777249999985}
{"phase":"warmup","name":"all-live-detail","index":2,"ms":47541.88829099992}
{"phase":"warmup","name":"all-live-detail","index":3,"ms":47433.275792}
{"phase":"warmup","name":"all-live-detail","index":4,"ms":47156.518667}
{"phase":"warmup","name":"all-live-detail","index":5,"ms":47472.67979199998}
{"phase":"warmup","name":"all-live-detail","index":6,"ms":47248.655750000034}
{"phase":"warmup","name":"all-live-detail","index":7,"ms":47203.15295899997}
{"phase":"warmup","name":"all-live-detail","index":8,"ms":47739.399083000026}
{"phase":"warmup","name":"all-live-detail","index":9,"ms":47170.346458000015}
{"phase":"warmup","name":"all-live-detail","index":10,"ms":49105.00066700007}
{"phase":"sample","name":"all-live-detail","index":1,"ms":49212.28358299995}
{"phase":"sample","name":"all-live-detail","index":2,"ms":48765.10570800002}
{"phase":"sample","name":"all-live-detail","index":3,"ms":48767.148125000065}
{"phase":"sample","name":"all-live-detail","index":4,"ms":50104.37049999996}
{"phase":"sample","name":"all-live-detail","index":5,"ms":47648.335082999896}
{"phase":"sample","name":"all-live-detail","index":6,"ms":47313.82287499984}
{"phase":"sample","name":"all-live-detail","index":7,"ms":47882.46058299998}
{"phase":"sample","name":"all-live-detail","index":8,"ms":47627.31349999993}
{"phase":"sample","name":"all-live-detail","index":9,"ms":47692.257250000024}
{"phase":"sample","name":"all-live-detail","index":10,"ms":47842.89141599997}
{"phase":"sample","name":"all-live-detail","index":11,"ms":47416.71187500004}
{"phase":"sample","name":"all-live-detail","index":12,"ms":47415.26224999991}
{"phase":"sample","name":"all-live-detail","index":13,"ms":47603.67491699988}
{"phase":"sample","name":"all-live-detail","index":14,"ms":47433.53887499985}
{"phase":"sample","name":"all-live-detail","index":15,"ms":47467.6066670001}
{"phase":"sample","name":"all-live-detail","index":16,"ms":47640.54966700007}
{"phase":"sample","name":"all-live-detail","index":17,"ms":49780.22770799999}
{"phase":"sample","name":"all-live-detail","index":18,"ms":48969.190124999965}
{"phase":"sample","name":"all-live-detail","index":19,"ms":48729.23887500004}
{"phase":"sample","name":"all-live-detail","index":20,"ms":49239.13229099987}
{"phase":"sample","name":"all-live-detail","index":21,"ms":48805.315124999965}
{"phase":"sample","name":"all-live-detail","index":22,"ms":48797.14333300013}
{"phase":"sample","name":"all-live-detail","index":23,"ms":49022.207167000044}
{"phase":"sample","name":"all-live-detail","index":24,"ms":48639.145958000096}
{"phase":"sample","name":"all-live-detail","index":25,"ms":48737.864333000034}
{"phase":"sample","name":"all-live-detail","index":26,"ms":48908.3189170002}
{"phase":"sample","name":"all-live-detail","index":27,"ms":48785.75891699968}
{"phase":"sample","name":"all-live-detail","index":28,"ms":49049.01195800025}
{"phase":"sample","name":"all-live-detail","index":29,"ms":49099.29524999997}
{"phase":"sample","name":"all-live-detail","index":30,"ms":49419.74895899976}
{"name":"all-live-detail","timing":{"warmup":10,"samples":30,"rawMs":[49212.28358299995,48765.10570800002,48767.148125000065,50104.37049999996,47648.335082999896,47313.82287499984,47882.46058299998,47627.31349999993,47692.257250000024,47842.89141599997,47416.71187500004,47415.26224999991,47603.67491699988,47433.53887499985,47467.6066670001,47640.54966700007,49780.22770799999,48969.190124999965,48729.23887500004,49239.13229099987,48805.315124999965,48797.14333300013,49022.207167000044,48639.145958000096,48737.864333000034,48908.3189170002,48785.75891699968,49049.01195800025,49099.29524999997,49419.74895899976],"min":47313.82287499984,"max":50104.37049999996,"p50":48737.864333000034,"p95":49780.22770799999},"outputDigest":"d63f8f2f33b791051c07b448b24a45c799e5cdd724dacd6eb8345f34df41043d","calls":{"handler":0,"probe":0,"accept":0}}
{"phase":"warmup","name":"replenish","index":1,"ms":139.95058399997652}
{"phase":"warmup","name":"replenish","index":2,"ms":250.9052920001559}
{"phase":"warmup","name":"replenish","index":3,"ms":131.63258299976587}
{"phase":"warmup","name":"replenish","index":4,"ms":120.73379199998453}
{"phase":"warmup","name":"replenish","index":5,"ms":128.26320899976417}
{"phase":"warmup","name":"replenish","index":6,"ms":127.21233300026506}
{"phase":"warmup","name":"replenish","index":7,"ms":115.27304200036451}
{"phase":"warmup","name":"replenish","index":8,"ms":123.46666700020432}
{"phase":"warmup","name":"replenish","index":9,"ms":114.16650000028312}
{"phase":"warmup","name":"replenish","index":10,"ms":115.58433300023898}
{"phase":"sample","name":"replenish","index":1,"ms":122.64729199977592}
{"phase":"sample","name":"replenish","index":2,"ms":119.65149999968708}
{"phase":"sample","name":"replenish","index":3,"ms":123.41899999976158}
{"phase":"sample","name":"replenish","index":4,"ms":115.02091699978337}
{"phase":"sample","name":"replenish","index":5,"ms":124.46574999997392}
{"phase":"sample","name":"replenish","index":6,"ms":112.961291000247}
{"phase":"sample","name":"replenish","index":7,"ms":116.69262500014156}
{"phase":"sample","name":"replenish","index":8,"ms":124.77920899959281}
{"phase":"sample","name":"replenish","index":9,"ms":119.36820799997076}
{"phase":"sample","name":"replenish","index":10,"ms":116.26104199979454}
{"phase":"sample","name":"replenish","index":11,"ms":117.17950000008568}
{"phase":"sample","name":"replenish","index":12,"ms":126.69595900038257}
{"phase":"sample","name":"replenish","index":13,"ms":118.89424999989569}
{"phase":"sample","name":"replenish","index":14,"ms":123.27329199993983}
{"phase":"sample","name":"replenish","index":15,"ms":114.20850000018254}
{"phase":"sample","name":"replenish","index":16,"ms":114.77375000016764}
{"phase":"sample","name":"replenish","index":17,"ms":120.18737500021234}
{"phase":"sample","name":"replenish","index":18,"ms":116.46833299985155}
{"phase":"sample","name":"replenish","index":19,"ms":121.27824999997392}
{"phase":"sample","name":"replenish","index":20,"ms":116.69791699992493}
{"phase":"sample","name":"replenish","index":21,"ms":120.31900000013411}
{"phase":"sample","name":"replenish","index":22,"ms":122.88950000004843}
{"phase":"sample","name":"replenish","index":23,"ms":117.91625000024214}
{"phase":"sample","name":"replenish","index":24,"ms":119.6255419999361}
{"phase":"sample","name":"replenish","index":25,"ms":121.20212500030175}
{"phase":"sample","name":"replenish","index":26,"ms":124.98929099971429}
{"phase":"sample","name":"replenish","index":27,"ms":112.54025000007823}
{"phase":"sample","name":"replenish","index":28,"ms":119.1607920001261}
{"phase":"sample","name":"replenish","index":29,"ms":124.86237500002608}
{"phase":"sample","name":"replenish","index":30,"ms":123.08629200002179}
{"name":"replenish","timing":{"warmup":10,"samples":30,"rawMs":[122.64729199977592,119.65149999968708,123.41899999976158,115.02091699978337,124.46574999997392,112.961291000247,116.69262500014156,124.77920899959281,119.36820799997076,116.26104199979454,117.17950000008568,126.69595900038257,118.89424999989569,123.27329199993983,114.20850000018254,114.77375000016764,120.18737500021234,116.46833299985155,121.27824999997392,116.69791699992493,120.31900000013411,122.88950000004843,117.91625000024214,119.6255419999361,121.20212500030175,124.98929099971429,112.54025000007823,119.1607920001261,124.86237500002608,123.08629200002179],"min":112.54025000007823,"max":126.69595900038257,"p50":119.6255419999361,"p95":124.98929099971429},"outputDigest":"af7a252c61e84cbb99d4b468a11993932b2d03feaf15d46c69b1dc2b12e30176","calls":{"handler":0,"probe":0,"accept":0}}
{"phase":"warmup","name":"archived-only-pump","index":1,"ms":9.57308299979195}
{"phase":"warmup","name":"archived-only-pump","index":2,"ms":9.18204199988395}
{"phase":"warmup","name":"archived-only-pump","index":3,"ms":9.530292000155896}
{"phase":"warmup","name":"archived-only-pump","index":4,"ms":8.980582999996841}
{"phase":"warmup","name":"archived-only-pump","index":5,"ms":8.986500000115484}
{"phase":"warmup","name":"archived-only-pump","index":6,"ms":9.058290999848396}
{"phase":"warmup","name":"archived-only-pump","index":7,"ms":9.344624999910593}
{"phase":"warmup","name":"archived-only-pump","index":8,"ms":9.932333000004292}
{"phase":"warmup","name":"archived-only-pump","index":9,"ms":10.013041999656707}
{"phase":"warmup","name":"archived-only-pump","index":10,"ms":9.436625000089407}
{"phase":"sample","name":"archived-only-pump","index":1,"ms":9.502332999836653}
{"phase":"sample","name":"archived-only-pump","index":2,"ms":9.16012499993667}
{"phase":"sample","name":"archived-only-pump","index":3,"ms":9.540916999801993}
{"phase":"sample","name":"archived-only-pump","index":4,"ms":150.02941600000486}
{"phase":"sample","name":"archived-only-pump","index":5,"ms":5.177792000118643}
{"phase":"sample","name":"archived-only-pump","index":6,"ms":9.386000000406057}
{"phase":"sample","name":"archived-only-pump","index":7,"ms":9.310750000178814}
{"phase":"sample","name":"archived-only-pump","index":8,"ms":9.249415999744087}
{"phase":"sample","name":"archived-only-pump","index":9,"ms":8.96016600029543}
{"phase":"sample","name":"archived-only-pump","index":10,"ms":9.114667000249028}
{"phase":"sample","name":"archived-only-pump","index":11,"ms":10.010874999687076}
{"phase":"sample","name":"archived-only-pump","index":12,"ms":9.300625000149012}
{"phase":"sample","name":"archived-only-pump","index":13,"ms":9.92479099985212}
{"phase":"sample","name":"archived-only-pump","index":14,"ms":9.161624999716878}
{"phase":"sample","name":"archived-only-pump","index":15,"ms":8.884041999932379}
{"phase":"sample","name":"archived-only-pump","index":16,"ms":8.741957999765873}
{"phase":"sample","name":"archived-only-pump","index":17,"ms":9.580207999795675}
{"phase":"sample","name":"archived-only-pump","index":18,"ms":9.129958000034094}
{"phase":"sample","name":"archived-only-pump","index":19,"ms":9.399083000142127}
{"phase":"sample","name":"archived-only-pump","index":20,"ms":9.171709000132978}
{"phase":"sample","name":"archived-only-pump","index":21,"ms":9.371457999572158}
{"phase":"sample","name":"archived-only-pump","index":22,"ms":9.087791999801993}
{"phase":"sample","name":"archived-only-pump","index":23,"ms":8.990290999878198}
{"phase":"sample","name":"archived-only-pump","index":24,"ms":9.844417000189424}
{"phase":"sample","name":"archived-only-pump","index":25,"ms":8.843291999772191}
{"phase":"sample","name":"archived-only-pump","index":26,"ms":8.687332999892533}
{"phase":"sample","name":"archived-only-pump","index":27,"ms":8.950624999590218}
{"phase":"sample","name":"archived-only-pump","index":28,"ms":9.271958999801427}
{"phase":"sample","name":"archived-only-pump","index":29,"ms":8.989917000290006}
{"phase":"sample","name":"archived-only-pump","index":30,"ms":9.296000000089407}
{"name":"archived-only-pump","timing":{"warmup":10,"samples":30,"rawMs":[9.502332999836653,9.16012499993667,9.540916999801993,150.02941600000486,5.177792000118643,9.386000000406057,9.310750000178814,9.249415999744087,8.96016600029543,9.114667000249028,10.010874999687076,9.300625000149012,9.92479099985212,9.161624999716878,8.884041999932379,8.741957999765873,9.580207999795675,9.129958000034094,9.399083000142127,9.171709000132978,9.371457999572158,9.087791999801993,8.990290999878198,9.844417000189424,8.843291999772191,8.687332999892533,8.950624999590218,9.271958999801427,8.989917000290006,9.296000000089407],"min":5.177792000118643,"max":150.02941600000486,"p50":9.171709000132978,"p95":10.010874999687076},"outputDigest":"1ae4bb8018a817da834b6f7766dae34b6a41447489b9d8dfe2d2c8b3278b305e","calls":{"handler":0,"probe":0,"accept":0}}
{"phase":"warmup","name":"mixed-pump","index":1,"ms":1780.4617079999298}
{"phase":"warmup","name":"mixed-pump","index":2,"ms":1880.935541999992}
{"phase":"warmup","name":"mixed-pump","index":3,"ms":1732.9626250001602}
{"phase":"warmup","name":"mixed-pump","index":4,"ms":1723.4846669998951}
{"phase":"warmup","name":"mixed-pump","index":5,"ms":1756.7498749997467}
{"phase":"warmup","name":"mixed-pump","index":6,"ms":1754.6937090000138}
{"phase":"warmup","name":"mixed-pump","index":7,"ms":1746.7277089999989}
{"phase":"warmup","name":"mixed-pump","index":8,"ms":1873.9282500003465}
{"phase":"warmup","name":"mixed-pump","index":9,"ms":1746.047375000082}
{"phase":"warmup","name":"mixed-pump","index":10,"ms":1727.634124999866}
{"phase":"sample","name":"mixed-pump","index":1,"ms":1757.3982919999398}
{"phase":"sample","name":"mixed-pump","index":2,"ms":1743.73683300009}
{"phase":"sample","name":"mixed-pump","index":3,"ms":1744.2640419998206}
{"phase":"sample","name":"mixed-pump","index":4,"ms":1842.0522499997169}
{"phase":"sample","name":"mixed-pump","index":5,"ms":1736.1216249996796}
{"phase":"sample","name":"mixed-pump","index":6,"ms":1761.643625000026}
{"phase":"sample","name":"mixed-pump","index":7,"ms":1775.324459000025}
{"phase":"sample","name":"mixed-pump","index":8,"ms":1837.5692910002545}
{"phase":"sample","name":"mixed-pump","index":9,"ms":1772.4032089998946}
{"phase":"sample","name":"mixed-pump","index":10,"ms":1772.9953749999404}
{"phase":"sample","name":"mixed-pump","index":11,"ms":1771.217749999836}
{"phase":"sample","name":"mixed-pump","index":12,"ms":1757.539624999743}
{"phase":"sample","name":"mixed-pump","index":13,"ms":1760.600582999643}
{"phase":"sample","name":"mixed-pump","index":14,"ms":1759.0140829999}
{"phase":"sample","name":"mixed-pump","index":15,"ms":1789.0459169996902}
{"phase":"sample","name":"mixed-pump","index":16,"ms":1761.7583340001293}
{"phase":"sample","name":"mixed-pump","index":17,"ms":1763.0722500002012}
{"phase":"sample","name":"mixed-pump","index":18,"ms":1743.1047920002602}
{"phase":"sample","name":"mixed-pump","index":19,"ms":1761.4325830000453}
{"phase":"sample","name":"mixed-pump","index":20,"ms":1767.2194170001894}
{"phase":"sample","name":"mixed-pump","index":21,"ms":1756.4031670000404}
{"phase":"sample","name":"mixed-pump","index":22,"ms":1899.8334579998627}
{"phase":"sample","name":"mixed-pump","index":23,"ms":1729.8501249998808}
{"phase":"sample","name":"mixed-pump","index":24,"ms":1744.5109999999404}
{"phase":"sample","name":"mixed-pump","index":25,"ms":1729.3443750003353}
{"phase":"sample","name":"mixed-pump","index":26,"ms":1749.766125000082}
{"phase":"sample","name":"mixed-pump","index":27,"ms":1760.4694590000436}
{"phase":"sample","name":"mixed-pump","index":28,"ms":1854.5472919996828}
{"phase":"sample","name":"mixed-pump","index":29,"ms":1736.569250000175}
{"phase":"sample","name":"mixed-pump","index":30,"ms":1728.6629999997094}
{"name":"mixed-pump","timing":{"warmup":10,"samples":30,"rawMs":[1757.3982919999398,1743.73683300009,1744.2640419998206,1842.0522499997169,1736.1216249996796,1761.643625000026,1775.324459000025,1837.5692910002545,1772.4032089998946,1772.9953749999404,1771.217749999836,1757.539624999743,1760.600582999643,1759.0140829999,1789.0459169996902,1761.7583340001293,1763.0722500002012,1743.1047920002602,1761.4325830000453,1767.2194170001894,1756.4031670000404,1899.8334579998627,1729.8501249998808,1744.5109999999404,1729.3443750003353,1749.766125000082,1760.4694590000436,1854.5472919996828,1736.569250000175,1728.6629999997094],"min":1728.6629999997094,"max":1899.8334579998627,"p50":1760.4694590000436,"p95":1854.5472919996828},"outputDigest":"33a58e0b3a2f5b6aac9422dcd04cb05131e3100f47d6bda8d096fbe50661242c","calls":{"handler":99,"probe":198,"accept":0}}
AssertionError [ERR_ASSERTION]: Expected values to be strictly deep-equal:
+ actual - expected

  {
    pending: [
+     [Object: null prototype] {
-     {
        body: '{"groupId":"live-000","estimateId":"estimate-23b61654237473b7c5893ee7","planHash":"70d8caa677ec17a0da3a38f06f13ea0af39fe9f371659eb7d8dc7de4766ceeb7"}',
        delivered: 1,
        group_id: 'live-000',
        id: 'scheduler-wake:live-000:estimate:estimate-23b61654237473b7c5893ee7',
        kind: 'budget-estimate'
      },
+     [Object: null prototype] {
-     {
        body: '{"executionSnapshotHash":"b7fbc580ec10369c54ccb85992a9453c4185f0e8abe428596c037e2304f64f36","groupId":"live-000","startRevision":3}',
        delivered: 1,
        group_id: 'live-000',
        id: 'scheduler-wake:live-000:3',
        kind: 'start'
      },
+     [Object: null prototype] {
-     {
        body: '{"groupId":"live-001","estimateId":"estimate-8f42d7a2935e04207f8e5a95","planHash":"70d8caa677ec17a0da3a38f06f13ea0af39fe9f371659eb7d8dc7de4766ceeb7"}',
        delivered: 1,
        group_id: 'live-001',
        id: 'scheduler-wake:live-001:estimate:estimate-8f42d7a2935e04207f8e5a95',
        kind: 'budget-estimate'
      },
+     [Object: null prototype] {
-     {
        body: '{"executionSnapshotHash":"a4dcd217eeb470ceffc41f3ed3fd4e6842a0a0049a242f664fdebd99a51eb0f5","groupId":"live-001","startRevision":3}',
        delivered: 1,
        group_id: 'live-001',
        id: 'scheduler-wake:live-001:3',
        kind: 'start'
      },
+     [Object: null prototype] {
-     {
        body: '{"groupId":"live-002","estimateId":"estimate-e9086159377f49b072c952d6","planHash":"70d8caa677ec17a0da3a38f06f13ea0af39fe9f371659eb7d8dc7de4766ceeb7"}',
        delivered: 1,
        group_id: 'live-002',
        id: 'scheduler-wake:live-002:estimate:estimate-e9086159377f49b072c952d6',
        kind: 'budget-estimate'
      },
+     [Object: null prototype] {
-     {
        body: '{"executionSnapshotHash":"06d1d7957a39801c80fb0bcd9010685321eceb949eaf6cb38a4c4500e06bfbfb","groupId":"live-002","startRevision":3}',
        delivered: 1,
        group_id: 'live-002',
        id: 'scheduler-wake:live-002:3',
        kind: 'start'
      },
+     [Object: null prototype] {
-     {
        body: '{"groupId":"live-003","estimateId":"estimate-9faefb66ea4be07eec61e1e0","planHash":"70d8caa677ec17a0da3a38f06f13ea0af39fe9f371659eb7d8dc7de4766ceeb7"}',
        delivered: 1,
        group_id: 'live-003',
        id: 'scheduler-wake:live-003:estimate:estimate-9faefb66ea4be07eec61e1e0',
        kind: 'budget-estimate'
      },
+     [Object: null prototype] {
-     {
        body: '{"executionSnapshotHash":"1cc3216c3984a1134fd39909dde622dd7e8735e01257d7a5f55d5a49a5586b29","groupId":"live-003","startRevision":3}',
        delivered: 1,
        group_id: 'live-003',
        id: 'scheduler-wake:live-003:3',
        kind: 'start'
      },
+     [Object: null prototype] {
-     {
        body: '{"groupId":"live-004","estimateId":"estimate-4e3c786c477976371380bce0","planHash":"70d8caa677ec17a0da3a38f06f13ea0af39fe9f371659eb7d8dc7de4766ceeb7"}',
        delivered: 1,
        group_id: 'live-004',
        id: 'scheduler-wake:live-004:estimate:estimate-4e3c786c477976371380bce0',
        kind: 'budget-estimate'
      },
+     [Object: null prototype] {
-     {
        body: '{"executionSnapshotHash":"c89394121ad762953e07e049c03feacbd2c3d983a01a2045f6f38f3c08f6e004","groupId":"live-004","startRevision":3}',
        delivered: 1,
        group_id: 'live-004',
        id: 'scheduler-wake:live-004:3',
        kind: 'start'
      },
+     [Object: null prototype] {
-     {
        body: '{"groupId":"live-005","estimateId":"estimate-eb24d8945a178ba80cef494b","planHash":"70d8caa677ec17a0da3a38f06f13ea0af39fe9f371659eb7d8dc7de4766ceeb7"}',
        delivered: 1,
        group_id: 'live-005',
        id: 'scheduler-wake:live-005:estimate:estimate-eb24d8945a178ba80cef494b',
        kind: 'budget-estimate'
      },
+     [Object: null prototype] {
-     {
        body: '{"executionSnapshotHash":"97c6a51f4879b7afd884cb4f08d96e9e5a3e8f2d2d29126547be2a1df0f088e8","groupId":"live-005","startRevision":3}',
        delivered: 1,
        group_id: 'live-005',
        id: 'scheduler-wake:live-005:3',
        kind: 'start'
      },
+     [Object: null prototype] {
-     {
        body: '{"groupId":"live-006","estimateId":"estimate-aa4d710fedd7785380953da9","planHash":"70d8caa677ec17a0da3a38f06f13ea0af39fe9f371659eb7d8dc7de4766ceeb7"}',
        delivered: 1,
        group_id: 'live-006',
        id: 'scheduler-wake:live-006:estimate:estimate-aa4d710fedd7785380953da9',
        kind: 'budget-estimate'
      },
+     [Object: null prototype] {
-     {
        body: '{"executionSnapshotHash":"2aa34dc201118bfaf119e6c8a364121cb09809e3fcd3c8e579dc9f1b8bc17978","groupId":"live-006","startRevision":3}',
        delivered: 1,
        group_id: 'live-006',
        id: 'scheduler-wake:live-006:3',
        kind: 'start'
      },
+     [Object: null prototype] {
-     {
        body: '{"groupId":"live-007","estimateId":"estimate-7ab53b774f905fc9645c04d4","planHash":"70d8caa677ec17a0da3a38f06f13ea0af39fe9f371659eb7d8dc7de4766ceeb7"}',
        delivered: 1,
        group_id: 'live-007',
        id: 'scheduler-wake:live-007:estimate:estimate-7ab53b774f905fc9645c04d4',
        kind: 'budget-estimate'
      },
+     [Object: null prototype] {
-     {
        body: '{"executionSnapshotHash":"b81f72ca9275fe1ad36bbfb81963c43931c54e1105731661aae7aa72de7a04b5","groupId":"live-007","startRevision":3}',
        delivered: 1,
        group_id: 'live-007',
        id: 'scheduler-wake:live-007:3',
        kind: 'start'
      },
+     [Object: null prototype] {
-     {
        body: '{"groupId":"live-008","estimateId":"estimate-a8d1739206cb73c089df8c59","planHash":"70d8caa677ec17a0da3a38f06f13ea0af39fe9f371659eb7d8dc7de4766ceeb7"}',
        delivered: 1,
        group_id: 'live-008',
        id: 'scheduler-wake:live-008:estimate:estimate-a8d1739206cb73c089df8c59',
        kind: 'budget-estimate'
      },
+     [Object: null prototype] {
-     {
        body: '{"executionSnapshotHash":"8c8523e31294863c2aebb642e057a6984fe509fcf8519f796643845e8727fea5","groupId":"live-008","startRevision":3}',
        delivered: 1,
        group_id: 'live-008',
        id: 'scheduler-wake:live-008:3',
        kind: 'start'
      },
+     [Object: null prototype] {
-     {
        body: '{"groupId":"live-009","estimateId":"estimate-d01254341f5940b636e7c6bc","planHash":"70d8caa677ec17a0da3a38f06f13ea0af39fe9f371659eb7d8dc7de4766ceeb7"}',
        delivered: 1,
        group_id: 'live-009',
        id: 'scheduler-wake:live-009:estimate:estimate-d01254341f5940b636e7c6bc',
        kind: 'budget-estimate'
      },
+     [Object: null prototype] {
-     {
        body: '{"executionSnapshotHash":"fe19d7daea82b7c6ebd3dbfa714123f8c06173265eb2c6556b3fa1f094c047e9","groupId":"live-009","startRevision":3}',
        delivered: 1,
        group_id: 'live-009',
        id: 'scheduler-wake:live-009:3',
        kind: 'start'
      },
+     [Object: null prototype] {
-     {
        body: '{"groupId":"live-010","estimateId":"estimate-06a89e33afeb597058e81cb3","planHash":"70d8caa677ec17a0da3a38f06f13ea0af39fe9f371659eb7d8dc7de4766ceeb7"}',
        delivered: 1,
        group_id: 'live-010',
        id: 'scheduler-wake:live-010:estimate:estimate-06a89e33afeb597058e81cb3',
        kind: 'budget-estimate'
      },
+     [Object: null prototype] {
-     {
        body: '{"executionSnapshotHash":"bf17a674d9513ae60c2e8c2ca784cf1e4f86cca7691e37f1fd5f6464840313a5","groupId":"live-010","startRevision":3}',
        delivered: 1,
        group_id: 'live-010',
        id: 'scheduler-wake:live-010:3',
        kind: 'start'
      },
+     [Object: null prototype] {
-     {
        body: '{"groupId":"live-011","estimateId":"estimate-66dc57ec419dcbfc5696f1da","planHash":"70d8caa677ec17a0da3a38f06f13ea0af39fe9f371659eb7d8dc7de4766ceeb7"}',
        delivered: 1,
        group_id: 'live-011',
        id: 'scheduler-wake:live-011:estimate:estimate-66dc57ec419dcbfc5696f1da',
        kind: 'budget-estimate'
      },
+     [Object: null prototype] {
-     {
        body: '{"executionSnapshotHash":"7969a53d1261c518578e877502d4bc5217aff92a870480a50665db8f5e7f611a","groupId":"live-011","startRevision":3}',
        delivered: 1,
        group_id: 'live-011',
        id: 'scheduler-wake:live-011:3',
        kind: 'start'
      },
+     [Object: null prototype] {
-     {
        body: '{"groupId":"live-012","estimateId":"estimate-3e2afb7b9771a0a5218b262d","planHash":"70d8caa677ec17a0da3a38f06f13ea0af39fe9f371659eb7d8dc7de4766ceeb7"}',
        delivered: 1,
        group_id: 'live-012',
        id: 'scheduler-wake:live-012:estimate:estimate-3e2afb7b9771a0a5218b262d',
        kind: 'budget-estimate'
      },
+     [Object: null prototype] {
-     {
        body: '{"executionSnapshotHash":"b4b31009740667f1c780f9b9d402312e40d848ec245c1cd8b09992e59045bdd7","groupId":"live-012","startRevision":3}',
        delivered: 1,
        group_id: 'live-012',
        id: 'scheduler-wake:live-012:3',
        kind: 'start'
      },
+     [Object: null prototype] {
-     {
        body: '{"groupId":"live-013","estimateId":"estimate-b0145d805cec21493919466c","planHash":"70d8caa677ec17a0da3a38f06f13ea0af39fe9f371659eb7d8dc7de4766ceeb7"}',
        delivered: 1,
        group_id: 'live-013',
        id: 'scheduler-wake:live-013:estimate:estimate-b0145d805cec21493919466c',
        kind: 'budget-estimate'
      },
+     [Object: null prototype] {
-     {
        body: '{"executionSnapshotHash":"70d293f4b03352b38cbae14cb0e8f594f48fe80b9b1a6344cf34cd118da7faa0","groupId":"live-013","startRevision":3}',
        delivered: 1,
        group_id: 'live-013',
        id: 'scheduler-wake:live-013:3',
        kind: 'start'
      },
+     [Object: null prototype] {
-     {
        body: '{"groupId":"live-014","estimateId":"estimate-e6cbbe0a8a4b7bac930b0348","planHash":"70d8caa677ec17a0da3a38f06f13ea0af39fe9f371659eb7d8dc7de4766ceeb7"}',
        delivered: 1,
        group_id: 'live-014',
        id: 'scheduler-wake:live-014:estimate:estimate-e6cbbe0a8a4b7bac930b0348',
        kind: 'budget-estimate'
      },
+     [Object: null prototype] {
-     {
        body: '{"executionSnapshotHash":"931fe07c7cd6f160278df7b917eefe41a30bc76d65580a8f51e9c8c1ae91acef","groupId":"live-014","startRevision":3}',
        delivered: 1,
        group_id: 'live-014',
        id: 'scheduler-wake:live-014:3',
        kind: 'start'
      },
+     [Object: null prototype] {
-     {
        body: '{"groupId":"live-015","estimateId":"estimate-6761253624db712e8e857148","planHash":"70d8caa677ec17a0da3a38f06f13ea0af39fe9f371659eb7d8dc7de4766ceeb7"}',
        delivered: 1,
        group_id: 'live-015',
        id: 'scheduler-wake:live-015:estimate:estimate-6761253624db712e8e857148',
        kind: 'budget-estimate'
      },
+     [Object: null prototype] {
-     {
        body: '{"executionSnapshotHash":"4addba8f9c7f5d72ed860b9cca049d7645f43753da4e99524de8645cdeb50ece","groupId":"live-015","startRevision":3}',
        delivered: 1,
        group_id: 'live-015',
        id: 'scheduler-wake:live-015:3',
        kind: 'start'
      },
+     [Object: null prototype] {
-     {
        body: '{"groupId":"live-016","estimateId":"estimate-8c3974101c10e57c0ce34845","planHash":"70d8caa677ec17a0da3a38f06f13ea0af39fe9f371659eb7d8dc7de4766ceeb7"}',
        delivered: 1,
        group_id: 'live-016',
        id: 'scheduler-wake:live-016:estimate:estimate-8c3974101c10e57c0ce34845',
        kind: 'budget-estimate'
      },
+     [Object: null prototype] {
-     {
        body: '{"executionSnapshotHash":"97927b3dbca9ac082c8fe6868205d50f64d0440638f3e78b80b547cbe8e2fe9c","groupId":"live-016","startRevision":3}',
        delivered: 1,
        group_id: 'live-016',
        id: 'scheduler-wake:live-016:3',
        kind: 'start'
      },
+     [Object: null prototype] {
-     {
        body: '{"groupId":"live-017","estimateId":"estimate-890b4769620f81178017f7df","planHash":"70d8caa677ec17a0da3a38f06f13ea0af39fe9f371659eb7d8dc7de4766ceeb7"}',
        delivered: 1,
        group_id: 'live-017',
        id: 'scheduler-wake:live-017:estimate:estimate-890b4769620f81178017f7df',
        kind: 'budget-estimate'
      },
+     [Object: null prototype] {
-     {
        body: '{"executionSnapshotHash":"c1af8f6470a08db050de5a1f3aa17b777140052d7be9b21d2b847d8c601fac93","groupId":"live-017","startRevision":3}',
        delivered: 1,
        group_id: 'live-017',
        id: 'scheduler-wake:live-017:3',
        kind: 'start'
      },
+     [Object: null prototype] {
-     {
        body: '{"groupId":"live-018","estimateId":"estimate-4b97a04e1c433881a09eee31","planHash":"70d8caa677ec17a0da3a38f06f13ea0af39fe9f371659eb7d8dc7de4766ceeb7"}',
        delivered: 1,
        group_id: 'live-018',
        id: 'scheduler-wake:live-018:estimate:estimate-4b97a04e1c433881a09eee31',
        kind: 'budget-estimate'
      },
+     [Object: null prototype] {
-     {
        body: '{"executionSnapshotHash":"4c8b1a017cf1037160ad7eaed3690e3c7aa076b9b20bc8e0300300a7742ed184","groupId":"live-018","startRevision":3}',
        delivered: 1,
        group_id: 'live-018',
        id: 'scheduler-wake:live-018:3',
        kind: 'start'
      },
+     [Object: null prototype] {
-     {
        body: '{"groupId":"live-019","estimateId":"estimate-44a14d46987cd3f67856c10c","planHash":"70d8caa677ec17a0da3a38f06f13ea0af39fe9f371659eb7d8dc7de4766ceeb7"}',
        delivered: 1,
        group_id: 'live-019',
        id: 'scheduler-wake:live-019:estimate:estimate-44a14d46987cd3f67856c10c',
        kind: 'budget-estimate'
      },
+     [Object: null prototype] {
-     {
        body: '{"executionSnapshotHash":"d44fa9adaf96b04683167ead320a8a5d6b0709747dee43e2df35002dda9df64f","groupId":"live-019","startRevision":3}',
        delivered: 1,
        group_id: 'live-019',
        id: 'scheduler-wake:live-019:3',
        kind: 'start'
      },
+     [Object: null prototype] {
-     {
        body: '{"groupId":"live-020","estimateId":"estimate-70baff4cb86fcd4fba46d8ba","planHash":"70d8caa677ec17a0da3a38f06f13ea0af39fe9f371659eb7d8dc7de4766ceeb7"}',
        delivered: 1,
        group_id: 'live-020',
        id: 'scheduler-wake:live-020:estimate:estimate-70baff4cb86fcd4fba46d8ba',
        kind: 'budget-estimate'
      },
+     [Object: null prototype] {
-     {
        body: '{"executionSnapshotHash":"7e469b4d45488e7017c06cbbacbd65df27d76621d59c4c10d9db18fac0a2b7a6","groupId":"live-020","startRevision":3}',
        delivered: 1,
        group_id: 'live-020',
        id: 'scheduler-wake:live-020:3',
        kind: 'start'
      },
+     [Object: null prototype] {
-     {
        body: '{"groupId":"live-021","estimateId":"estimate-3cbae6d2d013c76001ce56b5","planHash":"70d8caa677ec17a0da3a38f06f13ea0af39fe9f371659eb7d8dc7de4766ceeb7"}',
        delivered: 1,
        group_id: 'live-021',
        id: 'scheduler-wake:live-021:estimate:estimate-3cbae6d2d013c76001ce56b5',
        kind: 'budget-estimate'
      },
+     [Object: null prototype] {
-     {
        body: '{"executionSnapshotHash":"2382a421eea330dc907f101d37225e3672109362f7844acbd0701f3721c99cc8","groupId":"live-021","startRevision":3}',
        delivered: 1,
        group_id: 'live-021',
        id: 'scheduler-wake:live-021:3',
        kind: 'start'
      },
+     [Object: null prototype] {
-     {
        body: '{"groupId":"live-022","estimateId":"estimate-7a3c9a3a595570cb1e3b2b99","planHash":"70d8caa677ec17a0da3a38f06f13ea0af39fe9f371659eb7d8dc7de4766ceeb7"}',
        delivered: 1,
        group_id: 'live-022',
        id: 'scheduler-wake:live-022:estimate:estimate-7a3c9a3a595570cb1e3b2b99',
        kind: 'budget-estimate'
      },
+     [Object: null prototype] {
-     {
        body: '{"executionSnapshotHash":"4c692437cc924e91898da2f55c98f22b72babd9566aeae1ba3a15bd21fe8a098","groupId":"live-022","startRevision":3}',
        delivered: 1,
        group_id: 'live-022',
        id: 'scheduler-wake:live-022:3',
        kind: 'start'
      },
+     [Object: null prototype] {
-     {
        body: '{"groupId":"live-023","estimateId":"estimate-918ce0b6c47033ca89c441e6","planHash":"70d8caa677ec17a0da3a38f06f13ea0af39fe9f371659eb7d8dc7de4766ceeb7"}',
        delivered: 1,
        group_id: 'live-023',
        id: 'scheduler-wake:live-023:estimate:estimate-918ce0b6c47033ca89c441e6',
        kind: 'budget-estimate'
      },
+     [Object: null prototype] {
-     {
        body: '{"executionSnapshotHash":"bc713ca54b6ffadf8d12caa1c753a651379474dea152e257c93486568821e2e7","groupId":"live-023","startRevision":3}',
        delivered: 1,
        group_id: 'live-023',
        id: 'scheduler-wake:live-023:3',
        kind: 'start'
      },
+     [Object: null prototype] {
-     {
        body: '{"groupId":"live-024","estimateId":"estimate-4e9b253268d17fcd1b016c9d","planHash":"70d8caa677ec17a0da3a38f06f13ea0af39fe9f371659eb7d8dc7de4766ceeb7"}',
        delivered: 1,
        group_id: 'live-024',
        id: 'scheduler-wake:live-024:estimate:estimate-4e9b253268d17fcd1b016c9d',
        kind: 'budget-estimate'
      },
+     [Object: null prototype] {
-     {
        body: '{"executionSnapshotHash":"158ece1dabbc1f1bdf5a6d8fe93462b8db3026094a211efb29a5bd92854cfd8b","groupId":"live-024","startRevision":3}',
        delivered: 1,
        group_id: 'live-024',
        id: 'scheduler-wake:live-024:3',
        kind: 'start'
      },
+     [Object: null prototype] {
-     {
        body: '{"groupId":"live-025","estimateId":"estimate-1efc47ad0931d24bd3c6b527","planHash":"70d8caa677ec17a0da3a38f06f13ea0af39fe9f371659eb7d8dc7de4766ceeb7"}',
        delivered: 1,
        group_id: 'live-025',
        id: 'scheduler-wake:live-025:estimate:estimate-1efc47ad0931d24bd3c6b527',
        kind: 'budget-estimate'
      },
+     [Object: null prototype] {
-     {
        body: '{"executionSnapshotHash":"798646b7fdc4619a4e3dc2c4548966f51dd9c4ceed1e4f8246396ed8c5bc26e5","groupId":"live-025","startRevision":3}',
        delivered: 1,
        group_id: 'live-025',
        id: 'scheduler-wake:live-025:3',
        kind: 'start'
      },
+     [Object: null prototype] {
-     {
        body: '{"groupId":"live-026","estimateId":"estimate-81c544d46a2dac713331ac09","planHash":"70d8caa677ec17a0da3a38f06f13ea0af39fe9f371659eb7d8dc7de4766ceeb7"}',
        delivered: 1,
        group_id: 'live-026',
        id: 'scheduler-wake:live-026:estimate:estimate-81c544d46a2dac713331ac09',
        kind: 'budget-estimate'
      },
+     [Object: null prototype] {
-     {
        body: '{"executionSnapshotHash":"944c903a39427b5d6be848c1c4789bdb825e5772cfc0c9cbafc4c25dc323deb1","groupId":"live-026","startRevision":3}',
        delivered: 1,
        group_id: 'live-026',
        id: 'scheduler-wake:live-026:3',
        kind: 'start'
      },
+     [Object: null prototype] {
-     {
        body: '{"groupId":"live-027","estimateId":"estimate-73001d375ec04d960f34a580","planHash":"70d8caa677ec17a0da3a38f06f13ea0af39fe9f371659eb7d8dc7de4766ceeb7"}',
        delivered: 1,
        group_id: 'live-027',
        id: 'scheduler-wake:live-027:estimate:estimate-73001d375ec04d960f34a580',
        kind: 'budget-estimate'
      },
+     [Object: null prototype] {
-     {
        body: '{"executionSnapshotHash":"ff9e0a6b5a5723feb56e2cf977cf8847bc5e3d56acedbe089eb21b7e842f6dc7","groupId":"live-027","startRevision":3}',
        delivered: 1,
        group_id: 'live-027',
        id: 'scheduler-wake:live-027:3',
        kind: 'start'
      },
+     [Object: null prototype] {
-     {
        body: '{"groupId":"live-028","estimateId":"estimate-9f7772f22fa83e6d26e77ff8","planHash":"70d8caa677ec17a0da3a38f06f13ea0af39fe9f371659eb7d8dc7de4766ceeb7"}',
        delivered: 1,
        group_id: 'live-028',
        id: 'scheduler-wake:live-028:estimate:estimate-9f7772f22fa83e6d26e77ff8',
        kind: 'budget-estimate'
      },
+     [Object: null prototype] {
-     {
        body: '{"executionSnapshotHash":"7f26feae05827f4a3bb3528c62b7894b0c6dec7be8a78a2d22b41dd3e75dbdd1","groupId":"live-028","startRevision":3}',
        delivered: 1,
        group_id: 'live-028',
        id: 'scheduler-wake:live-028:3',
        kind: 'start'
      },
+     [Object: null prototype] {
-     {
        body: '{"groupId":"live-029","estimateId":"estimate-dd96d5ca6ae6d12dc815947e","planHash":"70d8caa677ec17a0da3a38f06f13ea0af39fe9f371659eb7d8dc7de4766ceeb7"}',
        delivered: 1,
        group_id: 'live-029',
        id: 'scheduler-wake:live-029:estimate:estimate-dd96d5ca6ae6d12dc815947e',
        kind: 'budget-estimate'
      },
+     [Object: null prototype] {
-     {
        body: '{"executionSnapshotHash":"4a96caca6877ad3a21b1e71fc56c375694d62f8a79b930d858fdbb3b7b38f8cb","groupId":"live-029","startRevision":3}',
        delivered: 1,
        group_id: 'live-029',
        id: 'scheduler-wake:live-029:3',
        kind: 'start'
      },
+     [Object: null prototype] {
-     {
        body: '{"groupId":"live-030","estimateId":"estimate-a9c9769eabc553d440b33a3f","planHash":"70d8caa677ec17a0da3a38f06f13ea0af39fe9f371659eb7d8dc7de4766ceeb7"}',
        delivered: 1,
        group_id: 'live-030',
        id: 'scheduler-wake:live-030:estimate:estimate-a9c9769eabc553d440b33a3f',
        kind: 'budget-estimate'
      },
+     [Object: null prototype] {
-     {
        body: '{"executionSnapshotHash":"94712b18ae6e00c006c03c6329341aa5101e391a9a68b6ce7dbb3bd0d09a3f44","groupId":"live-030","startRevision":3}',
        delivered: 1,
        group_id: 'live-030',
        id: 'scheduler-wake:live-030:3',
        kind: 'start'
      },
+     [Object: null prototype] {
-     {
        body: '{"groupId":"live-031","estimateId":"estimate-aa5d1b149442b03ccd1a8891","planHash":"70d8caa677ec17a0da3a38f06f13ea0af39fe9f371659eb7d8dc7de4766ceeb7"}',
        delivered: 1,
        group_id: 'live-031',
        id: 'scheduler-wake:live-031:estimate:estimate-aa5d1b149442b03ccd1a8891',
        kind: 'budget-estimate'
      },
+     [Object: null prototype] {
-     {
        body: '{"executionSnapshotHash":"90b3a1e59d13465a6d761d59cd857829991507dbe5fbd538d5510a96afe29b90","groupId":"live-031","startRevision":3}',
        delivered: 1,
        group_id: 'live-031',
        id: 'scheduler-wake:live-031:3',
        kind: 'start'
      },
+     [Object: null prototype] {
-     {
        body: '{"groupId":"live-032","estimateId":"estimate-ac214bbd6ea262192ad8a836","planHash":"70d8caa677ec17a0da3a38f06f13ea0af39fe9f371659eb7d8dc7de4766ceeb7"}',
        delivered: 1,
        group_id: 'live-032',
        id: 'scheduler-wake:live-032:estimate:estimate-ac214bbd6ea262192ad8a836',
        kind: 'budget-estimate'
      },
+     [Object: null prototype] {
-     {
        body: '{"executionSnapshotHash":"10ef4b39a272854a97eabb87dede3e654101ecb6c434f906c71441ab86ab8620","groupId":"live-032","startRevision":3}',
        delivered: 1,
        group_id: 'live-032',
        id: 'scheduler-wake:live-032:3',
        kind: 'start'
      },
+     [Object: null prototype] {
-     {
        body: '{"groupId":"live-033","estimateId":"estimate-265cb1da8406f83678e3038c","planHash":"70d8caa677ec17a0da3a38f06f13ea0af39fe9f371659eb7d8dc7de4766ceeb7"}',
        delivered: 1,
        group_id: 'live-033',
        id: 'scheduler-wake:live-033:estimate:estimate-265cb1da8406f83678e3038c',
        kind: 'budget-estimate'
      },
+     [Object: null prototype] {
-     {
        body: '{"executionSnapshotHash":"21d857953718bb628e5fe4ae46752d1d2a52f2297626f56401290b9d819d8d35","groupId":"live-033","startRevision":3}',
        delivered: 1,
        group_id: 'live-033',
        id: 'scheduler-wake:live-033:3',
        kind: 'start'
      },
+     [Object: null prototype] {
-     {
        body: '{"groupId":"live-034","estimateId":"estimate-0dd2661c3996b913e1fc87e8","planHash":"70d8caa677ec17a0da3a38f06f13ea0af39fe9f371659eb7d8dc7de4766ceeb7"}',
        delivered: 1,
        group_id: 'live-034',
        id: 'scheduler-wake:live-034:estimate:estimate-0dd2661c3996b913e1fc87e8',
        kind: 'budget-estimate'
      },
+     [Object: null prototype] {
-     {
        body: '{"executionSnapshotHash":"3a92cbdb11ff1dd2196bfd7e8d2b3ca06041e32d03d2a17b0257414aa93ae492","groupId":"live-034","startRevision":3}',
        delivered: 1,
        group_id: 'live-034',
        id: 'scheduler-wake:live-034:3',
        kind: 'start'
      },
+     [Object: null prototype] {
-     {
        body: '{"groupId":"live-035","estimateId":"estimate-5c4f9fe3128feabbb9434a83","planHash":"70d8caa677ec17a0da3a38f06f13ea0af39fe9f371659eb7d8dc7de4766ceeb7"}',
        delivered: 1,
        group_id: 'live-035',
        id: 'scheduler-wake:live-035:estimate:estimate-5c4f9fe3128feabbb9434a83',
        kind: 'budget-estimate'
      },
+     [Object: null prototype] {
-     {
        body: '{"executionSnapshotHash":"0ce30ebf8314960bdb01e7dd1afa5bcdb4ffff53e21a5281db00d09a0127af7d","groupId":"live-035","startRevision":3}',
        delivered: 1,
        group_id: 'live-035',
        id: 'scheduler-wake:live-035:3',
        kind: 'start'
      },
+     [Object: null prototype] {
-     {
        body: '{"groupId":"live-036","estimateId":"estimate-f9ad9d935e0f45a33fe4530d","planHash":"70d8caa677ec17a0da3a38f06f13ea0af39fe9f371659eb7d8dc7de4766ceeb7"}',
        delivered: 1,
        group_id: 'live-036',
        id: 'scheduler-wake:live-036:estimate:estimate-f9ad9d935e0f45a33fe4530d',
        kind: 'budget-estimate'
      },
+     [Object: null prototype] {
-     {
        body: '{"executionSnapshotHash":"afc2e2937c175eac5540a1f4a8b6315c541b9cfbdd0a36ee136521265c8a7e33","groupId":"live-036","startRevision":3}',
        delivered: 1,
        group_id: 'live-036',
        id: 'scheduler-wake:live-036:3',
        kind: 'start'
      },
+     [Object: null prototype] {
-     {
        body: '{"groupId":"live-037","estimateId":"estimate-3909b431d1d268426b197b3b","planHash":"70d8caa677ec17a0da3a38f06f13ea0af39fe9f371659eb7d8dc7de4766ceeb7"}',
        delivered: 1,
        group_id: 'live-037',
        id: 'scheduler-wake:live-037:estimate:estimate-3909b431d1d268426b197b3b',
        kind: 'budget-estimate'
      },
+     [Object: null prototype] {
-     {
        body: '{"executionSnapshotHash":"e3026c7b92ba8a0e94721ebab108078199a85a53d9853a646617db82be8a5d00","groupId":"live-037","startRevision":3}',
        delivered: 1,
        group_id: 'live-037',
        id: 'scheduler-wake:live-037:3',
        kind: 'start'
      },
+     [Object: null prototype] {
-     {
        body: '{"groupId":"live-038","estimateId":"estimate-1b3dede7244cd5f7112dcf0c","planHash":"70d8caa677ec17a0da3a38f06f13ea0af39fe9f371659eb7d8dc7de4766ceeb7"}',
        delivered: 1,
        group_id: 'live-038',
        id: 'scheduler-wake:live-038:estimate:estimate-1b3dede7244cd5f7112dcf0c',
        kind: 'budget-estimate'
      },
+     [Object: null prototype] {
-     {
        body: '{"executionSnapshotHash":"0c9c06ee0fe9ec396ef9ef9ee9885cc21d8ca4d15c741c125fe9b6c1b15fb82b","groupId":"live-038","startRevision":3}',
        delivered: 1,
        group_id: 'live-038',
        id: 'scheduler-wake:live-038:3',
        kind: 'start'
      },
+     [Object: null prototype] {
-     {
        body: '{"groupId":"live-039","estimateId":"estimate-b2d91f04a891a87a94f8e193","planHash":"70d8caa677ec17a0da3a38f06f13ea0af39fe9f371659eb7d8dc7de4766ceeb7"}',
        delivered: 1,
        group_id: 'live-039',
        id: 'scheduler-wake:live-039:estimate:estimate-b2d91f04a891a87a94f8e193',
        kind: 'budget-estimate'
      },
+     [Object: null prototype] {
-     {
        body: '{"executionSnapshotHash":"056f891f127373867fcca431e4b33301fde21dfe08ff282be726cc5c93059828","groupId":"live-039","startRevision":3}',
        delivered: 1,
        group_id: 'live-039',
        id: 'scheduler-wake:live-039:3',
        kind: 'start'
      },
+     [Object: null prototype] {
-     {
        body: '{"groupId":"live-040","estimateId":"estimate-e1a0ae4afe8d561fb7991925","planHash":"70d8caa677ec17a0da3a38f06f13ea0af39fe9f371659eb7d8dc7de4766ceeb7"}',
        delivered: 1,
        group_id: 'live-040',
        id: 'scheduler-wake:live-040:estimate:estimate-e1a0ae4afe8d561fb7991925',
        kind: 'budget-estimate'
      },
+     [Object: null prototype] {
-     {
        body: '{"executionSnapshotHash":"eb00aaa1081cc806365b31401ded4e9153fbeb409bc4a6ab32c342bd30f1ee7b","groupId":"live-040","startRevision":3}',
        delivered: 1,
        group_id: 'live-040',
        id: 'scheduler-wake:live-040:3',
        kind: 'start'
      },
+     [Object: null prototype] {
-     {
        body: '{"groupId":"live-041","estimateId":"estimate-16498742473c9dc110bf138f","planHash":"70d8caa677ec17a0da3a38f06f13ea0af39fe9f371659eb7d8dc7de4766ceeb7"}',
        delivered: 1,
        group_id: 'live-041',
        id: 'scheduler-wake:live-041:estimate:estimate-16498742473c9dc110bf138f',
        kind: 'budget-estimate'
      },
+     [Object: null prototype] {
-     {
        body: '{"executionSnapshotHash":"35de5e0239a1cf3203615b107dece941318941721608b5d6988b9251f4d49ef4","groupId":"live-041","startRevision":3}',
        delivered: 1,
        group_id: 'live-041',
        id: 'scheduler-wake:live-041:3',
        kind: 'start'
      },
+     [Object: null prototype] {
-     {
        body: '{"groupId":"live-042","estimateId":"estimate-410c1bf8104f79737c146f40","planHash":"70d8caa677ec17a0da3a38f06f13ea0af39fe9f371659eb7d8dc7de4766ceeb7"}',
        delivered: 1,
        group_id: 'live-042',
        id: 'scheduler-wake:live-042:estimate:estimate-410c1bf8104f79737c146f40',
        kind: 'budget-estimate'
      },
+     [Object: null prototype] {
-     {
        body: '{"executionSnapshotHash":"169c24893340e6dead62f7085e4491e3369f61e4f506cb0612caa2a7633c0c92","groupId":"live-042","startRevision":3}',
        delivered: 1,
        group_id: 'live-042',
        id: 'scheduler-wake:live-042:3',
        kind: 'start'
      },
+     [Object: null prototype] {
-     {
        body: '{"groupId":"live-043","estimateId":"estimate-bfabab28dbb6956cd0c63181","planHash":"70d8caa677ec17a0da3a38f06f13ea0af39fe9f371659eb7d8dc7de4766ceeb7"}',
        delivered: 1,
        group_id: 'live-043',
        id: 'scheduler-wake:live-043:estimate:estimate-bfabab28dbb6956cd0c63181',
        kind: 'budget-estimate'
      },
+     [Object: null prototype] {
-     {
        body: '{"executionSnapshotHash":"d93e1761c79502bd9bcde926f77ba4aaa6d041d880db52795e4a29e96c59a0fb","groupId":"live-043","startRevision":3}',
        delivered: 1,
        group_id: 'live-043',
        id: 'scheduler-wake:live-043:3',
        kind: 'start'
      },
+     [Object: null prototype] {
-     {
        body: '{"groupId":"live-044","estimateId":"estimate-7ba8e8f7d1125cec921f635e","planHash":"70d8caa677ec17a0da3a38f06f13ea0af39fe9f371659eb7d8dc7de4766ceeb7"}',
        delivered: 1,
        group_id: 'live-044',
        id: 'scheduler-wake:live-044:estimate:estimate-7ba8e8f7d1125cec921f635e',
        kind: 'budget-estimate'
      },
+     [Object: null prototype] {
-     {
        body: '{"executionSnapshotHash":"5e902c7d4165e64f0a66d0f02ba9109c12a26160f07940d90f15196634ccbe79","groupId":"live-044","startRevision":3}',
        delivered: 1,
        group_id: 'live-044',
        id: 'scheduler-wake:live-044:3',
        kind: 'start'
      },
+     [Object: null prototype] {
-     {
        body: '{"groupId":"live-045","estimateId":"estimate-ef2c632665e083b8e921def6","planHash":"70d8caa677ec17a0da3a38f06f13ea0af39fe9f371659eb7d8dc7de4766ceeb7"}',
        delivered: 1,
        group_id: 'live-045',
        id: 'scheduler-wake:live-045:estimate:estimate-ef2c632665e083b8e921def6',
        kind: 'budget-estimate'
      },
+     [Object: null prototype] {
-     {
        body: '{"executionSnapshotHash":"c4d35678074fb8d26b533e21cb0ed6fc162fbbdbbc849bc746e48dc101f26315","groupId":"live-045","startRevision":3}',
        delivered: 1,
        group_id: 'live-045',
        id: 'scheduler-wake:live-045:3',
        kind: 'start'
      },
+     [Object: null prototype] {
-     {
        body: '{"groupId":"live-046","estimateId":"estimate-9751281ab38ce6e81975439d","planHash":"70d8caa677ec17a0da3a38f06f13ea0af39fe9f371659eb7d8dc7de4766ceeb7"}',
        delivered: 1,
        group_id: 'live-046',
        id: 'scheduler-wake:live-046:estimate:estimate-9751281ab38ce6e81975439d',
        kind: 'budget-estimate'
      },
+     [Object: null prototype] {
-     {
        body: '{"executionSnapshotHash":"164c5c019f8760930eda10ca0e292b2060d0fac95793bbf61b0fbc61071231d6","groupId":"live-046","startRevision":3}',
        delivered: 1,
        group_id: 'live-046',
        id: 'scheduler-wake:live-046:3',
        kind: 'start'
      },
+     [Object: null prototype] {
-     {
        body: '{"groupId":"live-047","estimateId":"estimate-fb00ef13dc031edaaca7caf9","planHash":"70d8caa677ec17a0da3a38f06f13ea0af39fe9f371659eb7d8dc7de4766ceeb7"}',
        delivered: 1,
        group_id: 'live-047',
        id: 'scheduler-wake:live-047:estimate:estimate-fb00ef13dc031edaaca7caf9',
        kind: 'budget-estimate'
      },
+     [Object: null prototype] {
-     {
        body: '{"executionSnapshotHash":"d57db898e8d51aad81f29a5f551395383ec52d67d31d2ad08a3a9549997212d7","groupId":"live-047","startRevision":3}',
        delivered: 1,
        group_id: 'live-047',
        id: 'scheduler-wake:live-047:3',
        kind: 'start'
      },
+     [Object: null prototype] {
-     {
        body: '{"groupId":"live-048","estimateId":"estimate-91769f36cd0152116d040de7","planHash":"70d8caa677ec17a0da3a38f06f13ea0af39fe9f371659eb7d8dc7de4766ceeb7"}',
        delivered: 1,
        group_id: 'live-048',
        id: 'scheduler-wake:live-048:estimate:estimate-91769f36cd0152116d040de7',
        kind: 'budget-estimate'
      },
+     [Object: null prototype] {
-     {
        body: '{"executionSnapshotHash":"71cea959815433ad66834192041158eeab86606d2edc472d9298f74b3edf4538","groupId":"live-048","startRevision":3}',
        delivered: 1,
        group_id: 'live-048',
        id: 'scheduler-wake:live-048:3',
        kind: 'start'
      },
+     [Object: null prototype] {
-     {
        body: '{"groupId":"live-049","estimateId":"estimate-d6c2f3a96384612d559a0e9e","planHash":"70d8caa677ec17a0da3a38f06f13ea0af39fe9f371659eb7d8dc7de4766ceeb7"}',
        delivered: 1,
        group_id: 'live-049',
        id: 'scheduler-wake:live-049:estimate:estimate-d6c2f3a96384612d559a0e9e',
        kind: 'budget-estimate'
      },
+     [Object: null prototype] {
-     {
        body: '{"executionSnapshotHash":"0d0db8587c731295303ebf817a547c918e94c2ae4ab050429dcad3190bb61b59","groupId":"live-049","startRevision":3}',
        delivered: 1,
        group_id: 'live-049',
        id: 'scheduler-wake:live-049:3',
        kind: 'start'
      },
+     [Object: null prototype] {
-     {
        body: '{"groupId":"live-050","estimateId":"estimate-191aea8cc54e45dc49f017db","planHash":"70d8caa677ec17a0da3a38f06f13ea0af39fe9f371659eb7d8dc7de4766ceeb7"}',
        delivered: 1,
        group_id: 'live-050',
        id: 'scheduler-wake:live-050:estimate:estimate-191aea8cc54e45dc49f017db',
        kind: 'budget-estimate'
      },
+     [Object: null prototype] {
-     {
        body: '{"executionSnapshotHash":"44db9d081a45259caed506eb2ba4fd5e22ffa1e9ddbc52679081bae7e4bc29af","groupId":"live-050","startRevision":3}',
        delivered: 1,
        group_id: 'live-050',
        id: 'scheduler-wake:live-050:3',
        kind: 'start'
      },
+     [Object: null prototype] {
-     {
        body: '{"groupId":"live-051","estimateId":"estimate-7d012e32d3d587601433a224","planHash":"70d8caa677ec17a0da3a38f06f13ea0af39fe9f371659eb7d8dc7de4766ceeb7"}',
        delivered: 1,
        group_id: 'live-051',
        id: 'scheduler-wake:live-051:estimate:estimate-7d012e32d3d587601433a224',
        kind: 'budget-estimate'
      },
+     [Object: null prototype] {
-     {
        body: '{"executionSnapshotHash":"0ea38b258a2cda8cabf65aced49fab9b4c0468bc450015f4e2a39c6712750ddb","groupId":"live-051","startRevision":3}',
        delivered: 1,
        group_id: 'live-051',
        id: 'scheduler-wake:live-051:3',
        kind: 'start'
      },
+     [Object: null prototype] {
-     {
        body: '{"groupId":"live-052","estimateId":"estimate-97b32c507fae952fd829353c","planHash":"70d8caa677ec17a0da3a38f06f13ea0af39fe9f371659eb7d8dc7de4766ceeb7"}',
        delivered: 1,
        group_id: 'live-052',
        id: 'scheduler-wake:live-052:estimate:estimate-97b32c507fae952fd829353c',
        kind: 'budget-estimate'
      },
+     [Object: null prototype] {
-     {
        body: '{"executionSnapshotHash":"2cb1e87c170b87fe332f94806e9be349ebf14269b0293468c29cf9f8bc560b1c","groupId":"live-052","startRevision":3}',
        delivered: 1,
        group_id: 'live-052',
        id: 'scheduler-wake:live-052:3',
        kind: 'start'
      },
+     [Object: null prototype] {
-     {
        body: '{"groupId":"live-053","estimateId":"estimate-032823bf4a47aed55f63fed7","planHash":"70d8caa677ec17a0da3a38f06f13ea0af39fe9f371659eb7d8dc7de4766ceeb7"}',
        delivered: 1,
        group_id: 'live-053',
        id: 'scheduler-wake:live-053:estimate:estimate-032823bf4a47aed55f63fed7',
        kind: 'budget-estimate'
      },
+     [Object: null prototype] {
-     {
        body: '{"executionSnapshotHash":"ed5eb767f820e98a3a544a4b70f6cbbfd89bf25f232df1a69ea64de8cf8e8787","groupId":"live-053","startRevision":3}',
        delivered: 1,
        group_id: 'live-053',
        id: 'scheduler-wake:live-053:3',
        kind: 'start'
      },
+     [Object: null prototype] {
-     {
        body: '{"groupId":"live-054","estimateId":"estimate-ccd9f09d2f1029dd653f48c4","planHash":"70d8caa677ec17a0da3a38f06f13ea0af39fe9f371659eb7d8dc7de4766ceeb7"}',
        delivered: 1,
        group_id: 'live-054',
        id: 'scheduler-wake:live-054:estimate:estimate-ccd9f09d2f1029dd653f48c4',
        kind: 'budget-estimate'
      },
+     [Object: null prototype] {
-     {
        body: '{"executionSnapshotHash":"aae57193e667728dd62aad0f8a0014365beaeafbec46148b887e352e607bf299","groupId":"live-054","startRevision":3}',
        delivered: 1,
        group_id: 'live-054',
        id: 'scheduler-wake:live-054:3',
        kind: 'start'
      },
+     [Object: null prototype] {
-     {
        body: '{"groupId":"live-055","estimateId":"estimate-019979f5dd0cd38fd3d9be96","planHash":"70d8caa677ec17a0da3a38f06f13ea0af39fe9f371659eb7d8dc7de4766ceeb7"}',
        delivered: 1,
        group_id: 'live-055',
        id: 'scheduler-wake:live-055:estimate:estimate-019979f5dd0cd38fd3d9be96',
        kind: 'budget-estimate'
      },
+     [Object: null prototype] {
-     {
        body: '{"executionSnapshotHash":"a7b2ee230416354a4d5103975543df7918e7eb597ba2121d07ea2ab875276e8a","groupId":"live-055","startRevision":3}',
        delivered: 1,
        group_id: 'live-055',
        id: 'scheduler-wake:live-055:3',
        kind: 'start'
      },
+     [Object: null prototype] {
-     {
        body: '{"groupId":"live-056","estimateId":"estimate-51b523d394fab39e56e45545","planHash":"70d8caa677ec17a0da3a38f06f13ea0af39fe9f371659eb7d8dc7de4766ceeb7"}',
        delivered: 1,
        group_id: 'live-056',
        id: 'scheduler-wake:live-056:estimate:estimate-51b523d394fab39e56e45545',
        kind: 'budget-estimate'
      },
+     [Object: null prototype] {
-     {
        body: '{"executionSnapshotHash":"ec0e83c4802c725e13da51b90b0ab8ff2d06813519178d99f2e31a93e32d83b3","groupId":"live-056","startRevision":3}',
        delivered: 1,
        group_id: 'live-056',
        id: 'scheduler-wake:live-056:3',
        kind: 'start'
      },
+     [Object: null prototype] {
-     {
        body: '{"groupId":"live-057","estimateId":"estimate-1bbf3f4035ec7932381294d3","planHash":"70d8caa677ec17a0da3a38f06f13ea0af39fe9f371659eb7d8dc7de4766ceeb7"}',
        delivered: 1,
        group_id: 'live-057',
        id: 'scheduler-wake:live-057:estimate:estimate-1bbf3f4035ec7932381294d3',
        kind: 'budget-estimate'
      },
+     [Object: null prototype] {
-     {
        body: '{"executionSnapshotHash":"0b8cfc33de0e4c2471058689e3e7f79047e79f670116dbbff9a2b95d1a328fbd","groupId":"live-057","startRevision":3}',
        delivered: 1,
        group_id: 'live-057',
        id: 'scheduler-wake:live-057:3',
        kind: 'start'
      },
+     [Object: null prototype] {
-     {
        body: '{"groupId":"live-058","estimateId":"estimate-73f71a44099ad7bce427810a","planHash":"70d8caa677ec17a0da3a38f06f13ea0af39fe9f371659eb7d8dc7de4766ceeb7"}',
        delivered: 1,
        group_id: 'live-058',
        id: 'scheduler-wake:live-058:estimate:estimate-73f71a44099ad7bce427810a',
        kind: 'budget-estimate'
      },
+     [Object: null prototype] {
-     {
        body: '{"executionSnapshotHash":"de80c993eb741e684599ba35a06beee0b3915710cf6fae61dddccf78476967df","groupId":"live-058","startRevision":3}',
        delivered: 1,
        group_id: 'live-058',
        id: 'scheduler-wake:live-058:3',
        kind: 'start'
      },
+     [Object: null prototype] {
-     {
        body: '{"groupId":"live-059","estimateId":"estimate-b1b55651084815310cf5c3cc","planHash":"70d8caa677ec17a0da3a38f06f13ea0af39fe9f371659eb7d8dc7de4766ceeb7"}',
        delivered: 1,
        group_id: 'live-059',
        id: 'scheduler-wake:live-059:estimate:estimate-b1b55651084815310cf5c3cc',
        kind: 'budget-estimate'
      },
+     [Object: null prototype] {
-     {
        body: '{"executionSnapshotHash":"b82042576c837c841dc444341bded97adaeb7ba09a193e6526082e1e42a33672","groupId":"live-059","startRevision":3}',
        delivered: 1,
        group_id: 'live-059',
        id: 'scheduler-wake:live-059:3',
        kind: 'start'
      },
+     [Object: null prototype] {
-     {
        body: '{"groupId":"live-060","estimateId":"estimate-a445c408b450b2ab0aca55ab","planHash":"70d8caa677ec17a0da3a38f06f13ea0af39fe9f371659eb7d8dc7de4766ceeb7"}',
        delivered: 1,
        group_id: 'live-060',
        id: 'scheduler-wake:live-060:estimate:estimate-a445c408b450b2ab0aca55ab',
        kind: 'budget-estimate'
      },
+     [Object: null prototype] {
-     {
        body: '{"executionSnapshotHash":"c7cbe8890f9831f63b547f6c3273154b4611b7077c2105ba85b95b2d08eff079","groupId":"live-060","startRevision":3}',
        delivered: 1,
        group_id: 'live-060',
        id: 'scheduler-wake:live-060:3',
        kind: 'start'
      },
+     [Object: null prototype] {
-     {
        body: '{"groupId":"live-061","estimateId":"estimate-64b738b99dc6e5cd7f91ae16","planHash":"70d8caa677ec17a0da3a38f06f13ea0af39fe9f371659eb7d8dc7de4766ceeb7"}',
        delivered: 1,
        group_id: 'live-061',
        id: 'scheduler-wake:live-061:estimate:estimate-64b738b99dc6e5cd7f91ae16',
        kind: 'budget-estimate'
      },
+     [Object: null prototype] {
-     {
        body: '{"executionSnapshotHash":"b73d63b76d5e22a625f00ffbf6a409d2dfafac221d91c9a72eff28793012ca0c","groupId":"live-061","startRevision":3}',
        delivered: 1,
        group_id: 'live-061',
        id: 'scheduler-wake:live-061:3',
        kind: 'start'
      },
+     [Object: null prototype] {
-     {
        body: '{"groupId":"live-062","estimateId":"estimate-40b66ae5fd47f2f32608a5a5","planHash":"70d8caa677ec17a0da3a38f06f13ea0af39fe9f371659eb7d8dc7de4766ceeb7"}',
        delivered: 1,
        group_id: 'live-062',
        id: 'scheduler-wake:live-062:estimate:estimate-40b66ae5fd47f2f32608a5a5',
        kind: 'budget-estimate'
      },
+     [Object: null prototype] {
-     {
        body: '{"executionSnapshotHash":"cd75e42dd45e602321e582748edf9d3de2df109ab75f9cf803169d21fcba3d33","groupId":"live-062","startRevision":3}',
        delivered: 1,
        group_id: 'live-062',
        id: 'scheduler-wake:live-062:3',
        kind: 'start'
      },
+     [Object: null prototype] {
-     {
        body: '{"groupId":"live-063","estimateId":"estimate-8db21e2c82289f5a5cf004dc","planHash":"70d8caa677ec17a0da3a38f06f13ea0af39fe9f371659eb7d8dc7de4766ceeb7"}',
        delivered: 1,
        group_id: 'live-063',
        id: 'scheduler-wake:live-063:estimate:estimate-8db21e2c82289f5a5cf004dc',
        kind: 'budget-estimate'
      },
+     [Object: null prototype] {
-     {
        body: '{"executionSnapshotHash":"3c0a76bec9d7fcb5e140e575553d63389d2170ffa4e351ec8866a4c6da4fcb1a","groupId":"live-063","startRevision":3}',
        delivered: 1,
        group_id: 'live-063',
        id: 'scheduler-wake:live-063:3',
        kind: 'start'
      },
+     [Object: null prototype] {
-     {
        body: '{"groupId":"live-064","estimateId":"estimate-578de2c864580f8e39ca38f8","planHash":"70d8caa677ec17a0da3a38f06f13ea0af39fe9f371659eb7d8dc7de4766ceeb7"}',
        delivered: 1,
        group_id: 'live-064',
        id: 'scheduler-wake:live-064:estimate:estimate-578de2c864580f8e39ca38f8',
        kind: 'budget-estimate'
      },
+     [Object: null prototype] {
-     {
        body: '{"executionSnapshotHash":"b727f05fa7e1b2d6836573c0f935edaf0e4bfc0818d92d275999ec8298833ca1","groupId":"live-064","startRevision":3}',
        delivered: 1,
        group_id: 'live-064',
        id: 'scheduler-wake:live-064:3',
        kind: 'start'
      },
+     [Object: null prototype] {
-     {
        body: '{"groupId":"live-065","estimateId":"estimate-7c7ff15a94218b78823711d4","planHash":"70d8caa677ec17a0da3a38f06f13ea0af39fe9f371659eb7d8dc7de4766ceeb7"}',
        delivered: 1,
        group_id: 'live-065',
        id: 'scheduler-wake:live-065:estimate:estimate-7c7ff15a94218b78823711d4',
        kind: 'budget-estimate'
      },
+     [Object: null prototype] {
-     {
        body: '{"executionSnapshotHash":"cd822a92dc83b538af91ed81833b6b472a618fde308811b4cf550b3ffeee6bc9","groupId":"live-065","startRevision":3}',
        delivered: 1,
        group_id: 'live-065',
        id: 'scheduler-wake:live-065:3',
        kind: 'start'
      },
+     [Object: null prototype] {
-     {
        body: '{"groupId":"live-066","estimateId":"estimate-81feff3c2ccb49b38c109a8e","planHash":"70d8caa677ec17a0da3a38f06f13ea0af39fe9f371659eb7d8dc7de4766ceeb7"}',
        delivered: 1,
        group_id: 'live-066',
        id: 'scheduler-wake:live-066:estimate:estimate-81feff3c2ccb49b38c109a8e',
        kind: 'budget-estimate'
      },
+     [Object: null prototype] {
-     {
        body: '{"executionSnapshotHash":"197765de3525dd439f3a68bf7e6c235e16a16c0070c60a1efcdfcdd256d9c7e1","groupId":"live-066","startRevision":3}',
        delivered: 1,
        group_id: 'live-066',
        id: 'scheduler-wake:live-066:3',
        kind: 'start'
      },
+     [Object: null prototype] {
-     {
        body: '{"groupId":"live-067","estimateId":"estimate-39c4d5f3814f6ce45ab34391","planHash":"70d8caa677ec17a0da3a38f06f13ea0af39fe9f371659eb7d8dc7de4766ceeb7"}',
        delivered: 1,
        group_id: 'live-067',
        id: 'scheduler-wake:live-067:estimate:estimate-39c4d5f3814f6ce45ab34391',
        kind: 'budget-estimate'
      },
+     [Object: null prototype] {
-     {
        body: '{"executionSnapshotHash":"facfafbf833b8d8653389b4be7b11184262d7f1581c5544f61ef87ec82f56469","groupId":"live-067","startRevision":3}',
        delivered: 1,
        group_id: 'live-067',
        id: 'scheduler-wake:live-067:3',
        kind: 'start'
      },
+     [Object: null prototype] {
-     {
        body: '{"groupId":"live-068","estimateId":"estimate-27f31abd490337c1a7b80198","planHash":"70d8caa677ec17a0da3a38f06f13ea0af39fe9f371659eb7d8dc7de4766ceeb7"}',
        delivered: 1,
        group_id: 'live-068',
        id: 'scheduler-wake:live-068:estimate:estimate-27f31abd490337c1a7b80198',
        kind: 'budget-estimate'
      },
+     [Object: null prototype] {
-     {
        body: '{"executionSnapshotHash":"6b2dec575406cca9a7c262d9381bc38010a61e36ebdda48059207f660c9bae69","groupId":"live-068","startRevision":3}',
        delivered: 1,
        group_id: 'live-068',
        id: 'scheduler-wake:live-068:3',
        kind: 'start'
      },
+     [Object: null prototype] {
-     {
        body: '{"groupId":"live-069","estimateId":"estimate-66a7b8b031de9611976d47ef","planHash":"70d8caa677ec17a0da3a38f06f13ea0af39fe9f371659eb7d8dc7de4766ceeb7"}',
        delivered: 1,
        group_id: 'live-069',
        id: 'scheduler-wake:live-069:estimate:estimate-66a7b8b031de9611976d47ef',
        kind: 'budget-estimate'
      },
+     [Object: null prototype] {
-     {
        body: '{"executionSnapshotHash":"b01532d6e3c5c3be940b72a758ea13ae317e6b57755e5e4e4e73db29a36f8b8e","groupId":"live-069","startRevision":3}',
        delivered: 1,
        group_id: 'live-069',
        id: 'scheduler-wake:live-069:3',
        kind: 'start'
      },
+     [Object: null prototype] {
-     {
        body: '{"groupId":"live-070","estimateId":"estimate-2a0f8bdf35af83e5ce770ddd","planHash":"70d8caa677ec17a0da3a38f06f13ea0af39fe9f371659eb7d8dc7de4766ceeb7"}',
        delivered: 1,
        group_id: 'live-070',
        id: 'scheduler-wake:live-070:estimate:estimate-2a0f8bdf35af83e5ce770ddd',
        kind: 'budget-estimate'
      },
+     [Object: null prototype] {
-     {
        body: '{"executionSnapshotHash":"20eadfd53fd11e5a5572125bf882675684547b8bb21b671361bf593af17bb709","groupId":"live-070","startRevision":3}',
        delivered: 1,
        group_id: 'live-070',
        id: 'scheduler-wake:live-070:3',
        kind: 'start'
      },
+     [Object: null prototype] {
-     {
        body: '{"groupId":"live-071","estimateId":"estimate-65e37037e789d267e3da11c7","planHash":"70d8caa677ec17a0da3a38f06f13ea0af39fe9f371659eb7d8dc7de4766ceeb7"}',
        delivered: 1,
        group_id: 'live-071',
        id: 'scheduler-wake:live-071:estimate:estimate-65e37037e789d267e3da11c7',
        kind: 'budget-estimate'
      },
+     [Object: null prototype] {
-     {
        body: '{"executionSnapshotHash":"23abe61524a028937a2f6d5d8ad8fd73b7618db6374a6088ca1e5a73e012aaf0","groupId":"live-071","startRevision":3}',
        delivered: 1,
        group_id: 'live-071',
        id: 'scheduler-wake:live-071:3',
        kind: 'start'
      },
+     [Object: null prototype] {
-     {
        body: '{"groupId":"live-072","estimateId":"estimate-f33a3622afd737c19d4e9397","planHash":"70d8caa677ec17a0da3a38f06f13ea0af39fe9f371659eb7d8dc7de4766ceeb7"}',
        delivered: 1,
        group_id: 'live-072',
        id: 'scheduler-wake:live-072:estimate:estimate-f33a3622afd737c19d4e9397',
        kind: 'budget-estimate'
      },
+     [Object: null prototype] {
-     {
        body: '{"executionSnapshotHash":"f0f34b85f6a9d6e00be25aff66ab83de46e5475b2954bc176ab1adb7487ed570","groupId":"live-072","startRevision":3}',
        delivered: 1,
        group_id: 'live-072',
        id: 'scheduler-wake:live-072:3',
        kind: 'start'
      },
+     [Object: null prototype] {
-     {
        body: '{"groupId":"live-073","estimateId":"estimate-0688c533caa1ad61d759879d","planHash":"70d8caa677ec17a0da3a38f06f13ea0af39fe9f371659eb7d8dc7de4766ceeb7"}',
        delivered: 1,
        group_id: 'live-073',
        id: 'scheduler-wake:live-073:estimate:estimate-0688c533caa1ad61d759879d',
        kind: 'budget-estimate'
      },
+     [Object: null prototype] {
-     {
        body: '{"executionSnapshotHash":"faabcc9356e59afac7b80a33cdfef2a92cfb4b11480cb322ece9c8b571a2481c","groupId":"live-073","startRevision":3}',
        delivered: 1,
        group_id: 'live-073',
        id: 'scheduler-wake:live-073:3',
        kind: 'start'
      },
+     [Object: null prototype] {
-     {
        body: '{"groupId":"live-074","estimateId":"estimate-8ba8c4b231d0b8f9fa5add9d","planHash":"70d8caa677ec17a0da3a38f06f13ea0af39fe9f371659eb7d8dc7de4766ceeb7"}',
        delivered: 1,
        group_id: 'live-074',
        id: 'scheduler-wake:live-074:estimate:estimate-8ba8c4b231d0b8f9fa5add9d',
        kind: 'budget-estimate'
      },
+     [Object: null prototype] {
-     {
        body: '{"executionSnapshotHash":"e30473a9faff8622bf058bf3b400851a3248061dc32296c6b2fd3338f5b2d736","groupId":"live-074","startRevision":3}',
        delivered: 1,
        group_id: 'live-074',
        id: 'scheduler-wake:live-074:3',
        kind: 'start'
      },
+     [Object: null prototype] {
-     {
        body: '{"groupId":"live-075","estimateId":"estimate-cbf1a5749c0f516a78fcadf6","planHash":"70d8caa677ec17a0da3a38f06f13ea0af39fe9f371659eb7d8dc7de4766ceeb7"}',
        delivered: 1,
        group_id: 'live-075',
        id: 'scheduler-wake:live-075:estimate:estimate-cbf1a5749c0f516a78fcadf6',
        kind: 'budget-estimate'
      },
+     [Object: null prototype] {
-     {
        body: '{"executionSnapshotHash":"3137c7b546106be8f10db98cf3cd51092db4757382326eb1dec7fd622fd54af2","groupId":"live-075","startRevision":3}',
        delivered: 1,
        group_id: 'live-075',
        id: 'scheduler-wake:live-075:3',
        kind: 'start'
      },
+     [Object: null prototype] {
-     {
        body: '{"groupId":"live-076","estimateId":"estimate-96c3fcc8b3404379f0fc485c","planHash":"70d8caa677ec17a0da3a38f06f13ea0af39fe9f371659eb7d8dc7de4766ceeb7"}',
        delivered: 1,
        group_id: 'live-076',
        id: 'scheduler-wake:live-076:estimate:estimate-96c3fcc8b3404379f0fc485c',
        kind: 'budget-estimate'
      },
+     [Object: null prototype] {
-     {
        body: '{"executionSnapshotHash":"04b95466a317e4c449af72029883c2006acc4f019542336fede9625e1884b937","groupId":"live-076","startRevision":3}',
        delivered: 1,
        group_id: 'live-076',
        id: 'scheduler-wake:live-076:3',
        kind: 'start'
      },
+     [Object: null prototype] {
-     {
        body: '{"groupId":"live-077","estimateId":"estimate-789381925534a27c3e8b278a","planHash":"70d8caa677ec17a0da3a38f06f13ea0af39fe9f371659eb7d8dc7de4766ceeb7"}',
        delivered: 1,
        group_id: 'live-077',
        id: 'scheduler-wake:live-077:estimate:estimate-789381925534a27c3e8b278a',
        kind: 'budget-estimate'
      },
+     [Object: null prototype] {
-     {
        body: '{"executionSnapshotHash":"474f7590fe66e02286e7055148d6896b6ce902f762337feadb24c11c439b09a4","groupId":"live-077","startRevision":3}',
        delivered: 1,
        group_id: 'live-077',
        id: 'scheduler-wake:live-077:3',
        kind: 'start'
      },
+     [Object: null prototype] {
-     {
        body: '{"groupId":"live-078","estimateId":"estimate-3c0433a0360d1e7254efe890","planHash":"70d8caa677ec17a0da3a38f06f13ea0af39fe9f371659eb7d8dc7de4766ceeb7"}',
        delivered: 1,
        group_id: 'live-078',
        id: 'scheduler-wake:live-078:estimate:estimate-3c0433a0360d1e7254efe890',
        kind: 'budget-estimate'
      },
+     [Object: null prototype] {
-     {
        body: '{"executionSnapshotHash":"8909e104d95da9ad232f3a85b9ae6d32c40595a18a164922ffe11e33ef2ccc09","groupId":"live-078","startRevision":3}',
        delivered: 1,
        group_id: 'live-078',
        id: 'scheduler-wake:live-078:3',
        kind: 'start'
      },
+     [Object: null prototype] {
-     {
        body: '{"groupId":"live-079","estimateId":"estimate-cada8bc24beec3cb0a955211","planHash":"70d8caa677ec17a0da3a38f06f13ea0af39fe9f371659eb7d8dc7de4766ceeb7"}',
        delivered: 1,
        group_id: 'live-079',
        id: 'scheduler-wake:live-079:estimate:estimate-cada8bc24beec3cb0a955211',
        kind: 'budget-estimate'
      },
+     [Object: null prototype] {
-     {
        body: '{"executionSnapshotHash":"488f4471ca2787f9296318384d93bfe00ba3c6b992b27bc54630c65538078395","groupId":"live-079","startRevision":3}',
        delivered: 1,
        group_id: 'live-079',
        id: 'scheduler-wake:live-079:3',
        kind: 'start'
      },
+     [Object: null prototype] {
-     {
        body: '{"groupId":"live-080","estimateId":"estimate-fcb4d75c90cc7ba550f5db07","planHash":"70d8caa677ec17a0da3a38f06f13ea0af39fe9f371659eb7d8dc7de4766ceeb7"}',
        delivered: 1,
        group_id: 'live-080',
        id: 'scheduler-wake:live-080:estimate:estimate-fcb4d75c90cc7ba550f5db07',
        kind: 'budget-estimate'
      },
+     [Object: null prototype] {
-     {
        body: '{"executionSnapshotHash":"5c136e90d860f2c41934218e1178c3b6a3cb13cf1ef1a3b388f88b6a850dc368","groupId":"live-080","startRevision":3}',
        delivered: 1,
        group_id: 'live-080',
        id: 'scheduler-wake:live-080:3',
        kind: 'start'
      },
+     [Object: null prototype] {
-     {
        body: '{"groupId":"live-081","estimateId":"estimate-934cfebd2283fe0ff076aa79","planHash":"70d8caa677ec17a0da3a38f06f13ea0af39fe9f371659eb7d8dc7de4766ceeb7"}',
        delivered: 1,
        group_id: 'live-081',
        id: 'scheduler-wake:live-081:estimate:estimate-934cfebd2283fe0ff076aa79',
        kind: 'budget-estimate'
      },
+     [Object: null prototype] {
-     {
        body: '{"executionSnapshotHash":"af359535560f0d140e01f04a602a2111f76acc786116f6400782aac5c0ad5a4f","groupId":"live-081","startRevision":3}',
        delivered: 1,
        group_id: 'live-081',
        id: 'scheduler-wake:live-081:3',
        kind: 'start'
      },
+     [Object: null prototype] {
-     {
        body: '{"groupId":"live-082","estimateId":"estimate-b69c018dbefd0f1aaeb0f464","planHash":"70d8caa677ec17a0da3a38f06f13ea0af39fe9f371659eb7d8dc7de4766ceeb7"}',
        delivered: 1,
        group_id: 'live-082',
        id: 'scheduler-wake:live-082:estimate:estimate-b69c018dbefd0f1aaeb0f464',
        kind: 'budget-estimate'
      },
+     [Object: null prototype] {
-     {
        body: '{"executionSnapshotHash":"aa840245889fc63b388653d2636a7f27edf873d3bd8df2d9c4ece444aae17107","groupId":"live-082","startRevision":3}',
        delivered: 1,
        group_id: 'live-082',
        id: 'scheduler-wake:live-082:3',
        kind: 'start'
      },
+     [Object: null prototype] {
-     {
        body: '{"groupId":"live-083","estimateId":"estimate-9253b2eecd2cd2a47aeb0cae","planHash":"70d8caa677ec17a0da3a38f06f13ea0af39fe9f371659eb7d8dc7de4766ceeb7"}',
        delivered: 1,
        group_id: 'live-083',
        id: 'scheduler-wake:live-083:estimate:estimate-9253b2eecd2cd2a47aeb0cae',
        kind: 'budget-estimate'
      },
+     [Object: null prototype] {
-     {
        body: '{"executionSnapshotHash":"9b14f5522355611cceeaac6b51aed38d51f8e729be098b2a05d7f28a16d8cd70","groupId":"live-083","startRevision":3}',
        delivered: 1,
        group_id: 'live-083',
        id: 'scheduler-wake:live-083:3',
        kind: 'start'
      },
+     [Object: null prototype] {
-     {
        body: '{"groupId":"live-084","estimateId":"estimate-3861ef9125f17671da5ac5b7","planHash":"70d8caa677ec17a0da3a38f06f13ea0af39fe9f371659eb7d8dc7de4766ceeb7"}',
        delivered: 1,
        group_id: 'live-084',
        id: 'scheduler-wake:live-084:estimate:estimate-3861ef9125f17671da5ac5b7',
        kind: 'budget-estimate'
      },
+     [Object: null prototype] {
-     {
        body: '{"executionSnapshotHash":"15213d7cb3c68b07c9ea05f7aaf50638b0f3983b35425c56e90fc6aa069380f7","groupId":"live-084","startRevision":3}',
        delivered: 1,
        group_id: 'live-084',
        id: 'scheduler-wake:live-084:3',
        kind: 'start'
      },
+     [Object: null prototype] {
-     {
        body: '{"groupId":"live-085","estimateId":"estimate-38b6359586230fbe3344e475","planHash":"70d8caa677ec17a0da3a38f06f13ea0af39fe9f371659eb7d8dc7de4766ceeb7"}',
        delivered: 1,
        group_id: 'live-085',
        id: 'scheduler-wake:live-085:estimate:estimate-38b6359586230fbe3344e475',
        kind: 'budget-estimate'
      },
+     [Object: null prototype] {
-     {
        body: '{"executionSnapshotHash":"eeff9a716dfc5dda7502c6229cfa4778cb2958c36ad9ef1a67d7c46a2b191876","groupId":"live-085","startRevision":3}',
        delivered: 1,
        group_id: 'live-085',
        id: 'scheduler-wake:live-085:3',
        kind: 'start'
      },
+     [Object: null prototype] {
-     {
        body: '{"groupId":"live-086","estimateId":"estimate-26b6d5447152095d1be0ed39","planHash":"70d8caa677ec17a0da3a38f06f13ea0af39fe9f371659eb7d8dc7de4766ceeb7"}',
        delivered: 1,
        group_id: 'live-086',
        id: 'scheduler-wake:live-086:estimate:estimate-26b6d5447152095d1be0ed39',
        kind: 'budget-estimate'
      },
+     [Object: null prototype] {
-     {
        body: '{"executionSnapshotHash":"ee8784befa1a2799fafe16c55305ad15fdf3fdaca1f9af87b38dbd6070e43f03","groupId":"live-086","startRevision":3}',
        delivered: 1,
        group_id: 'live-086',
        id: 'scheduler-wake:live-086:3',
        kind: 'start'
      },
+     [Object: null prototype] {
-     {
        body: '{"groupId":"live-087","estimateId":"estimate-cbd7b160542819c6421d97a6","planHash":"70d8caa677ec17a0da3a38f06f13ea0af39fe9f371659eb7d8dc7de4766ceeb7"}',
        delivered: 1,
        group_id: 'live-087',
        id: 'scheduler-wake:live-087:estimate:estimate-cbd7b160542819c6421d97a6',
        kind: 'budget-estimate'
      },
+     [Object: null prototype] {
-     {
        body: '{"executionSnapshotHash":"73cd31a25690f2ff68ac3b88168be4bf31ffb855628c51e0ca44739d4f7c19c9","groupId":"live-087","startRevision":3}',
        delivered: 1,
        group_id: 'live-087',
        id: 'scheduler-wake:live-087:3',
        kind: 'start'
      },
+     [Object: null prototype] {
-     {
        body: '{"groupId":"live-088","estimateId":"estimate-3bf2ad2458716a18af754293","planHash":"70d8caa677ec17a0da3a38f06f13ea0af39fe9f371659eb7d8dc7de4766ceeb7"}',
        delivered: 1,
        group_id: 'live-088',
        id: 'scheduler-wake:live-088:estimate:estimate-3bf2ad2458716a18af754293',
        kind: 'budget-estimate'
      },
+     [Object: null prototype] {
-     {
        body: '{"executionSnapshotHash":"2977cb7474ea098c886996140938bc3970f133877c4ffbddea22f842a93729a4","groupId":"live-088","startRevision":3}',
        delivered: 1,
        group_id: 'live-088',
        id: 'scheduler-wake:live-088:3',
        kind: 'start'
      },
+     [Object: null prototype] {
-     {
        body: '{"groupId":"live-089","estimateId":"estimate-6384fdd4e458d0cfabe51fc7","planHash":"70d8caa677ec17a0da3a38f06f13ea0af39fe9f371659eb7d8dc7de4766ceeb7"}',
        delivered: 1,
        group_id: 'live-089',
        id: 'scheduler-wake:live-089:estimate:estimate-6384fdd4e458d0cfabe51fc7',
        kind: 'budget-estimate'
      },
+     [Object: null prototype] {
-     {
        body: '{"executionSnapshotHash":"7c361e9f1dd5ddfd5bb98bbd8d16332023a2b208b411b6d72420374ed581d84e","groupId":"live-089","startRevision":3}',
        delivered: 1,
        group_id: 'live-089',
        id: 'scheduler-wake:live-089:3',
        kind: 'start'
      },
+     [Object: null prototype] {
-     {
        body: '{"groupId":"live-090","estimateId":"estimate-de0e6ad6147129763ec866c1","planHash":"70d8caa677ec17a0da3a38f06f13ea0af39fe9f371659eb7d8dc7de4766ceeb7"}',
        delivered: 1,
        group_id: 'live-090',
        id: 'scheduler-wake:live-090:estimate:estimate-de0e6ad6147129763ec866c1',
        kind: 'budget-estimate'
      },
+     [Object: null prototype] {
-     {
        body: '{"executionSnapshotHash":"fa9ff77a130f7ef94671a633e584b82bdd06ba857dfe886a58274d06aea09905","groupId":"live-090","startRevision":3}',
        delivered: 1,
        group_id: 'live-090',
        id: 'scheduler-wake:live-090:3',
        kind: 'start'
      },
+     [Object: null prototype] {
-     {
        body: '{"groupId":"live-091","estimateId":"estimate-460f5e7d19de93f45321aa6c","planHash":"70d8caa677ec17a0da3a38f06f13ea0af39fe9f371659eb7d8dc7de4766ceeb7"}',
        delivered: 1,
        group_id: 'live-091',
        id: 'scheduler-wake:live-091:estimate:estimate-460f5e7d19de93f45321aa6c',
        kind: 'budget-estimate'
      },
+     [Object: null prototype] {
-     {
        body: '{"executionSnapshotHash":"8f039b57dffe9499542bcdbf9c2064f9740e69cb6ccfb38b5f4245e84aee2781","groupId":"live-091","startRevision":3}',
        delivered: 1,
        group_id: 'live-091',
        id: 'scheduler-wake:live-091:3',
        kind: 'start'
      },
+     [Object: null prototype] {
-     {
        body: '{"groupId":"live-092","estimateId":"estimate-c0e356be7baacff65e55fe83","planHash":"70d8caa677ec17a0da3a38f06f13ea0af39fe9f371659eb7d8dc7de4766ceeb7"}',
        delivered: 1,
        group_id: 'live-092',
        id: 'scheduler-wake:live-092:estimate:estimate-c0e356be7baacff65e55fe83',
        kind: 'budget-estimate'
      },
+     [Object: null prototype] {
-     {
        body: '{"executionSnapshotHash":"ed4795ed7a8696f9fa754cf8b3764fadaef3d739872071d1a3808dc61eb2b822","groupId":"live-092","startRevision":3}',
        delivered: 1,
        group_id: 'live-092',
        id: 'scheduler-wake:live-092:3',
        kind: 'start'
      },
+     [Object: null prototype] {
-     {
        body: '{"groupId":"live-093","estimateId":"estimate-60048eebc10ebe39df895b2e","planHash":"70d8caa677ec17a0da3a38f06f13ea0af39fe9f371659eb7d8dc7de4766ceeb7"}',
        delivered: 1,
        group_id: 'live-093',
        id: 'scheduler-wake:live-093:estimate:estimate-60048eebc10ebe39df895b2e',
        kind: 'budget-estimate'
      },
+     [Object: null prototype] {
-     {
        body: '{"executionSnapshotHash":"f72237287d0a3dac73870d8457b18bbf41deac040e89e79d40010f6f350b7913","groupId":"live-093","startRevision":3}',
        delivered: 1,
        group_id: 'live-093',
        id: 'scheduler-wake:live-093:3',
        kind: 'start'
      },
+     [Object: null prototype] {
-     {
        body: '{"groupId":"live-094","estimateId":"estimate-777ff93663ebd036e2a64608","planHash":"70d8caa677ec17a0da3a38f06f13ea0af39fe9f371659eb7d8dc7de4766ceeb7"}',
        delivered: 1,
        group_id: 'live-094',
        id: 'scheduler-wake:live-094:estimate:estimate-777ff93663ebd036e2a64608',
        kind: 'budget-estimate'
      },
+     [Object: null prototype] {
-     {
        body: '{"executionSnapshotHash":"b1a065292afb885dd2b1e4cf7db587b696784a320281a37795656949f8634903","groupId":"live-094","startRevision":3}',
        delivered: 1,
        group_id: 'live-094',
        id: 'scheduler-wake:live-094:3',
        kind: 'start'
      },
+     [Object: null prototype] {
-     {
        body: '{"groupId":"live-095","estimateId":"estimate-40f5c407059b8e9b7477eb36","planHash":"70d8caa677ec17a0da3a38f06f13ea0af39fe9f371659eb7d8dc7de4766ceeb7"}',
        delivered: 1,
        group_id: 'live-095',
        id: 'scheduler-wake:live-095:estimate:estimate-40f5c407059b8e9b7477eb36',
        kind: 'budget-estimate'
      },
+     [Object: null prototype] {
-     {
        body: '{"executionSnapshotHash":"b1d9a92437aabf35f3b4ae7224102eaf1486e9712cc0c046a606603e76618a50","groupId":"live-095","startRevision":3}',
        delivered: 1,
        group_id: 'live-095',
        id: 'scheduler-wake:live-095:3',
        kind: 'start'
      },
+     [Object: null prototype] {
-     {
        body: '{"groupId":"live-096","estimateId":"estimate-d01bdb454a4334a08161ea7d","planHash":"70d8caa677ec17a0da3a38f06f13ea0af39fe9f371659eb7d8dc7de4766ceeb7"}',
        delivered: 1,
        group_id: 'live-096',
        id: 'scheduler-wake:live-096:estimate:estimate-d01bdb454a4334a08161ea7d',
        kind: 'budget-estimate'
      },
+     [Object: null prototype] {
-     {
        body: '{"executionSnapshotHash":"fd768f6b75f15a33f387b374ed4544d28135e819a40abdb01115ad8fbabab500","groupId":"live-096","startRevision":3}',
        delivered: 1,
        group_id: 'live-096',
        id: 'scheduler-wake:live-096:3',
        kind: 'start'
      },
+     [Object: null prototype] {
-     {
        body: '{"groupId":"live-097","estimateId":"estimate-6e46908d6d1b8357c1bb3ed5","planHash":"70d8caa677ec17a0da3a38f06f13ea0af39fe9f371659eb7d8dc7de4766ceeb7"}',
        delivered: 1,
        group_id: 'live-097',
        id: 'scheduler-wake:live-097:estimate:estimate-6e46908d6d1b8357c1bb3ed5',
        kind: 'budget-estimate'
      },
+     [Object: null prototype] {
-     {
        body: '{"executionSnapshotHash":"500580438f21a95a98791ff50bd6bc9874d8bafcdeabc1529c264b8fa913f8fd","groupId":"live-097","startRevision":3}',
        delivered: 1,
        group_id: 'live-097',
        id: 'scheduler-wake:live-097:3',
        kind: 'start'
      },
+     [Object: null prototype] {
-     {
        body: '{"groupId":"live-098","estimateId":"estimate-51b0746a63db161111eb347a","planHash":"70d8caa677ec17a0da3a38f06f13ea0af39fe9f371659eb7d8dc7de4766ceeb7"}',
        delivered: 1,
        group_id: 'live-098',
        id: 'scheduler-wake:live-098:estimate:estimate-51b0746a63db161111eb347a',
        kind: 'budget-estimate'
      },
+     [Object: null prototype] {
-     {
        body: '{"executionSnapshotHash":"c96bbfe21bd50e4c2ec09885bc6e98a4c3b49952c677a450e60ec68e43cd423a","groupId":"live-098","startRevision":3}',
        delivered: 1,
        group_id: 'live-098',
        id: 'scheduler-wake:live-098:3',
        kind: 'start'
      },
+     [Object: null prototype] {
-     {
        body: '{"groupId":"live-099","estimateId":"estimate-3d7eb59811822ca45e221c1b","planHash":"70d8caa677ec17a0da3a38f06f13ea0af39fe9f371659eb7d8dc7de4766ceeb7"}',
        delivered: 1,
        group_id: 'live-099',
        id: 'scheduler-wake:live-099:estimate:estimate-3d7eb59811822ca45e221c1b',
        kind: 'budget-estimate'
      },
+     [Object: null prototype] {
-     {
        body: '{"executionSnapshotHash":"dbaae76d1bad0c718f6fc541085e340b6b1b6de8275690198474f6286d753541","groupId":"live-099","startRevision":3}',
        delivered: 1,
        group_id: 'live-099',
        id: 'scheduler-wake:live-099:3',
        kind: 'start'
      },
+     [Object: null prototype] {
-     {
        body: '{"groupId":"archive-000","estimateId":"estimate-42ca390e790e5d5c641b6168","planHash":"1e6261b5fe36755502989b040c2cbc5115902c16db48f7b351c39c6913672b8c"}',
        delivered: 1,
        group_id: 'archive-000',
        id: 'scheduler-wake:archive-000:estimate:estimate-42ca390e790e5d5c641b6168',
        kind: 'budget-estimate'
      },
+     [Object: null prototype] {
-     {
        body: '{"groupId":"archive-000","startRevision":1}',
        delivered: 0,
        group_id: 'archive-000',
        id: 'archive-000:start',
        kind: 'start'
      },
+     [Object: null prototype] {
-     {
        body: '{"groupId":"archive-000","startRevision":1}',
        delivered: 0,
        group_id: 'archive-000',
        id: 'archive-000:no-start',
        kind: 'no-start'
      },
+     [Object: null prototype] {
-     {
        body: '{"groupId":"archive-000","startRevision":1}',
        delivered: 0,
        group_id: 'archive-000',
        id: 'archive-000:resume',
        kind: 'resume'
      },
+     [Object: null prototype] {
-     {
        body: '{"groupId":"archive-001","estimateId":"estimate-b9e7efcd0e4894089fea1a3b","planHash":"1e6261b5fe36755502989b040c2cbc5115902c16db48f7b351c39c6913672b8c"}',
        delivered: 1,
        group_id: 'archive-001',
        id: 'scheduler-wake:archive-001:estimate:estimate-b9e7efcd0e4894089fea1a3b',
        kind: 'budget-estimate'
      },
+     [Object: null prototype] {
-     {
        body: '{"groupId":"archive-001","startRevision":1}',
        delivered: 0,
        group_id: 'archive-001',
        id: 'archive-001:start',
        kind: 'start'
      },
+     [Object: null prototype] {
-     {
        body: '{"groupId":"archive-001","startRevision":1}',
        delivered: 0,
        group_id: 'archive-001',
        id: 'archive-001:no-start',
        kind: 'no-start'
      },
+     [Object: null prototype] {
-     {
        body: '{"groupId":"archive-001","startRevision":1}',
        delivered: 0,
        group_id: 'archive-001',
        id: 'archive-001:resume',
        kind: 'resume'
      },
+     [Object: null prototype] {
-     {
        body: '{"groupId":"archive-002","estimateId":"estimate-6bef9434ecc4b8fb707fe86d","planHash":"1e6261b5fe36755502989b040c2cbc5115902c16db48f7b351c39c6913672b8c"}',
        delivered: 1,
        group_id: 'archive-002',
        id: 'scheduler-wake:archive-002:estimate:estimate-6bef9434ecc4b8fb707fe86d',
        kind: 'budget-estimate'
      },
+     [Object: null prototype] {
-     {
        body: '{"groupId":"archive-002","startRevision":1}',
        delivered: 0,
        group_id: 'archive-002',
        id: 'archive-002:start',
        kind: 'start'
      },
+     [Object: null prototype] {
-     {
        body: '{"groupId":"archive-002","startRevision":1}',
        delivered: 0,
        group_id: 'archive-002',
        id: 'archive-002:no-start',
        kind: 'no-start'
      },
+     [Object: null prototype] {
-     {
        body: '{"groupId":"archive-002","startRevision":1}',
        delivered: 0,
        group_id: 'archive-002',
        id: 'archive-002:resume',
        kind: 'resume'
      },
+     [Object: null prototype] {
-     {
        body: '{"groupId":"archive-003","estimateId":"estimate-39191ceace5bd71e9afd0c23","planHash":"1e6261b5fe36755502989b040c2cbc5115902c16db48f7b351c39c6913672b8c"}',
        delivered: 1,
        group_id: 'archive-003',
        id: 'scheduler-wake:archive-003:estimate:estimate-39191ceace5bd71e9afd0c23',
        kind: 'budget-estimate'
      },
+     [Object: null prototype] {
-     {
        body: '{"groupId":"archive-003","startRevision":1}',
        delivered: 0,
        group_id: 'archive-003',
        id: 'archive-003:start',
        kind: 'start'
      },
+     [Object: null prototype] {
-     {
        body: '{"groupId":"archive-003","startRevision":1}',
        delivered: 0,
        group_id: 'archive-003',
        id: 'archive-003:no-start',
        kind: 'no-start'
      },
+     [Object: null prototype] {
-     {
        body: '{"groupId":"archive-003","startRevision":1}',
        delivered: 0,
        group_id: 'archive-003',
        id: 'archive-003:resume',
        kind: 'resume'
      },
+     [Object: null prototype] {
-     {
        body: '{"groupId":"archive-004","estimateId":"estimate-42dcaa9330f818cff01b017c","planHash":"1e6261b5fe36755502989b040c2cbc5115902c16db48f7b351c39c6913672b8c"}',
        delivered: 1,
        group_id: 'archive-004',
        id: 'scheduler-wake:archive-004:estimate:estimate-42dcaa9330f818cff01b017c',
        kind: 'budget-estimate'
      },
+     [Object: null prototype] {
-     {
        body: '{"groupId":"archive-004","startRevision":1}',
        delivered: 0,
        group_id: 'archive-004',
        id: 'archive-004:start',
        kind: 'start'
      },
+     [Object: null prototype] {
-     {
        body: '{"groupId":"archive-004","startRevision":1}',
        delivered: 0,
        group_id: 'archive-004',
        id: 'archive-004:no-start',
        kind: 'no-start'
      },
+     [Object: null prototype] {
-     {
        body: '{"groupId":"archive-004","startRevision":1}',
        delivered: 0,
        group_id: 'archive-004',
        id: 'archive-004:resume',
        kind: 'resume'
      },
+     [Object: null prototype] {
-     {
        body: '{"groupId":"archive-005","estimateId":"estimate-66883e4206a93c066c18b243","planHash":"1e6261b5fe36755502989b040c2cbc5115902c16db48f7b351c39c6913672b8c"}',
        delivered: 1,
        group_id: 'archive-005',
        id: 'scheduler-wake:archive-005:estimate:estimate-66883e4206a93c066c18b243',
        kind: 'budget-estimate'
      },
+     [Object: null prototype] {
-     {
        body: '{"groupId":"archive-005","startRevision":1}',
        delivered: 0,
        group_id: 'archive-005',
        id: 'archive-005:start',
        kind: 'start'
      },
+     [Object: null prototype] {
-     {
        body: '{"groupId":"archive-005","startRevision":1}',
        delivered: 0,
        group_id: 'archive-005',
        id: 'archive-005:no-start',
        kind: 'no-start'
      },
+     [Object: null prototype] {
-     {
        body: '{"groupId":"archive-005","startRevision":1}',
        delivered: 0,
        group_id: 'archive-005',
        id: 'archive-005:resume',
        kind: 'resume'
      },
+     [Object: null prototype] {
-     {
        body: '{"groupId":"archive-006","estimateId":"estimate-4c512816ea7dd46daeef8509","planHash":"1e6261b5fe36755502989b040c2cbc5115902c16db48f7b351c39c6913672b8c"}',
        delivered: 1,
        group_id: 'archive-006',
        id: 'scheduler-wake:archive-006:estimate:estimate-4c512816ea7dd46daeef8509',
        kind: 'budget-estimate'
      },
+     [Object: null prototype] {
-     {
        body: '{"groupId":"archive-006","startRevision":1}',
        delivered: 0,
        group_id: 'archive-006',
        id: 'archive-006:start',
        kind: 'start'
      },
+     [Object: null prototype] {
-     {
        body: '{"groupId":"archive-006","startRevision":1}',
        delivered: 0,
        group_id: 'archive-006',
        id: 'archive-006:no-start',
        kind: 'no-start'
      },
+     [Object: null prototype] {
-     {
        body: '{"groupId":"archive-006","startRevision":1}',
        delivered: 0,
        group_id: 'archive-006',
        id: 'archive-006:resume',
        kind: 'resume'
      },
+     [Object: null prototype] {
-     {
        body: '{"groupId":"archive-007","estimateId":"estimate-85cb3769e3e131a1b336122a","planHash":"1e6261b5fe36755502989b040c2cbc5115902c16db48f7b351c39c6913672b8c"}',
        delivered: 1,
        group_id: 'archive-007',
        id: 'scheduler-wake:archive-007:estimate:estimate-85cb3769e3e131a1b336122a',
        kind: 'budget-estimate'
      },
+     [Object: null prototype] {
-     {
        body: '{"groupId":"archive-007","startRevision":1}',
        delivered: 0,
        group_id: 'archive-007',
        id: 'archive-007:start',
        kind: 'start'
      },
+     [Object: null prototype] {
-     {
        body: '{"groupId":"archive-007","startRevision":1}',
        delivered: 0,
        group_id: 'archive-007',
        id: 'archive-007:no-start',
        kind: 'no-start'
      },
+     [Object: null prototype] {
-     {
        body: '{"groupId":"archive-007","startRevision":1}',
        delivered: 0,
        group_id: 'archive-007',
        id: 'archive-007:resume',
        kind: 'resume'
      },
+     [Object: null prototype] {
-     {
        body: '{"groupId":"archive-008","estimateId":"estimate-8e3df8094d0bfdd6a10519b0","planHash":"1e6261b5fe36755502989b040c2cbc5115902c16db48f7b351c39c6913672b8c"}',
        delivered: 1,
        group_id: 'archive-008',
        id: 'scheduler-wake:archive-008:estimate:estimate-8e3df8094d0bfdd6a10519b0',
        kind: 'budget-estimate'
      },
+     [Object: null prototype] {
-     {
        body: '{"groupId":"archive-008","startRevision":1}',
        delivered: 0,
        group_id: 'archive-008',
        id: 'archive-008:start',
        kind: 'start'
      },
+     [Object: null prototype] {
-     {
        body: '{"groupId":"archive-008","startRevision":1}',
        delivered: 0,
        group_id: 'archive-008',
        id: 'archive-008:no-start',
        kind: 'no-start'
      },
+     [Object: null prototype] {
-     {
        body: '{"groupId":"archive-008","startRevision":1}',
        delivered: 0,
        group_id: 'archive-008',
        id: 'archive-008:resume',
        kind: 'resume'
      },
+     [Object: null prototype] {
-     {
        body: '{"groupId":"archive-009","estimateId":"estimate-5fac095b69d5d231ff4a6e91","planHash":"1e6261b5fe36755502989b040c2cbc5115902c16db48f7b351c39c6913672b8c"}',
        delivered: 1,
        group_id: 'archive-009',
        id: 'scheduler-wake:archive-009:estimate:estimate-5fac095b69d5d231ff4a6e91',
        kind: 'budget-estimate'
      },
+     [Object: null prototype] {
-     {
        body: '{"groupId":"archive-009","startRevision":1}',
        delivered: 0,
        group_id: 'archive-009',
        id: 'archive-009:start',
        kind: 'start'
      },
+     [Object: null prototype] {
-     {
        body: '{"groupId":"archive-009","startRevision":1}',
        delivered: 0,
        group_id: 'archive-009',
        id: 'archive-009:no-start',
        kind: 'no-start'
      },
+     [Object: null prototype] {
-     {
        body: '{"groupId":"archive-009","startRevision":1}',
        delivered: 0,
        group_id: 'archive-009',
        id: 'archive-009:resume',
        kind: 'resume'
      },
+     [Object: null prototype] {
-     {
        body: '{"groupId":"archive-010","estimateId":"estimate-d182cbcd23a2407bad7c7e2d","planHash":"1e6261b5fe36755502989b040c2cbc5115902c16db48f7b351c39c6913672b8c"}',
        delivered: 1,
        group_id: 'archive-010',
        id: 'scheduler-wake:archive-010:estimate:estimate-d182cbcd23a2407bad7c7e2d',
        kind: 'budget-estimate'
      },
+     [Object: null prototype] {
-     {
        body: '{"groupId":"archive-010","startRevision":1}',
        delivered: 0,
        group_id: 'archive-010',
        id: 'archive-010:start',
        kind: 'start'
      },
+     [Object: null prototype] {
-     {
        body: '{"groupId":"archive-010","startRevision":1}',
        delivered: 0,
        group_id: 'archive-010',
        id: 'archive-010:no-start',
        kind: 'no-start'
      },
+     [Object: null prototype] {
-     {
        body: '{"groupId":"archive-010","startRevision":1}',
        delivered: 0,
        group_id: 'archive-010',
        id: 'archive-010:resume',
        kind: 'resume'
      },
+     [Object: null prototype] {
-     {
        body: '{"groupId":"archive-011","estimateId":"estimate-3bd43ed4c20315b035ec8e1c","planHash":"1e6261b5fe36755502989b040c2cbc5115902c16db48f7b351c39c6913672b8c"}',
        delivered: 1,
        group_id: 'archive-011',
        id: 'scheduler-wake:archive-011:estimate:estimate-3bd43ed4c20315b035ec8e1c',
        kind: 'budget-estimate'
      },
+     [Object: null prototype] {
-     {
        body: '{"groupId":"archive-011","startRevision":1}',
        delivered: 0,
        group_id: 'archive-011',
        id: 'archive-011:start',
        kind: 'start'
      },
+     [Object: null prototype] {
-     {
        body: '{"groupId":"archive-011","startRevision":1}',
        delivered: 0,
        group_id: 'archive-011',
        id: 'archive-011:no-start',
        kind: 'no-start'
      },
+     [Object: null prototype] {
-     {
        body: '{"groupId":"archive-011","startRevision":1}',
        delivered: 0,
        group_id: 'archive-011',
        id: 'archive-011:resume',
        kind: 'resume'
      },
+     [Object: null prototype] {
-     {
        body: '{"groupId":"archive-012","estimateId":"estimate-a2ec26eeced83d3ba52736ca","planHash":"1e6261b5fe36755502989b040c2cbc5115902c16db48f7b351c39c6913672b8c"}',
        delivered: 1,
        group_id: 'archive-012',
        id: 'scheduler-wake:archive-012:estimate:estimate-a2ec26eeced83d3ba52736ca',
        kind: 'budget-estimate'
      },
+     [Object: null prototype] {
-     {
        body: '{"groupId":"archive-012","startRevision":1}',
        delivered: 0,
        group_id: 'archive-012',
        id: 'archive-012:start',
        kind: 'start'
      },
+     [Object: null prototype] {
-     {
        body: '{"groupId":"archive-012","startRevision":1}',
        delivered: 0,
        group_id: 'archive-012',
        id: 'archive-012:no-start',
        kind: 'no-start'
      },
+     [Object: null prototype] {
-     {
        body: '{"groupId":"archive-012","startRevision":1}',
        delivered: 0,
        group_id: 'archive-012',
        id: 'archive-012:resume',
        kind: 'resume'
      },
+     [Object: null prototype] {
-     {
        body: '{"groupId":"archive-013","estimateId":"estimate-e985cb8652eb9591f9cb685d","planHash":"1e6261b5fe36755502989b040c2cbc5115902c16db48f7b351c39c6913672b8c"}',
        delivered: 1,
        group_id: 'archive-013',
        id: 'scheduler-wake:archive-013:estimate:estimate-e985cb8652eb9591f9cb685d',
        kind: 'budget-estimate'
      },
+     [Object: null prototype] {
-     {
        body: '{"groupId":"archive-013","startRevision":1}',
        delivered: 0,
        group_id: 'archive-013',
        id: 'archive-013:start',
        kind: 'start'
      },
+     [Object: null prototype] {
-     {
        body: '{"groupId":"archive-013","startRevision":1}',
        delivered: 0,
        group_id: 'archive-013',
        id: 'archive-013:no-start',
        kind: 'no-start'
      },
+     [Object: null prototype] {
-     {
        body: '{"groupId":"archive-013","startRevision":1}',
        delivered: 0,
        group_id: 'archive-013',
        id: 'archive-013:resume',
        kind: 'resume'
      },
+     [Object: null prototype] {
-     {
        body: '{"groupId":"archive-014","estimateId":"estimate-1115a766848c39308dba0f35","planHash":"1e6261b5fe36755502989b040c2cbc5115902c16db48f7b351c39c6913672b8c"}',
        delivered: 1,
        group_id: 'archive-014',
        id: 'scheduler-wake:archive-014:estimate:estimate-1115a766848c39308dba0f35',
        kind: 'budget-estimate'
      },
+     [Object: null prototype] {
-     {
        body: '{"groupId":"archive-014","startRevision":1}',
        delivered: 0,
        group_id: 'archive-014',
        id: 'archive-014:start',
        kind: 'start'
      },
+     [Object: null prototype] {
-     {
        body: '{"groupId":"archive-014","startRevision":1}',
        delivered: 0,
        group_id: 'archive-014',
        id: 'archive-014:no-start',
        kind: 'no-start'
      },
+     [Object: null prototype] {
-     {
        body: '{"groupId":"archive-014","startRevision":1}',
        delivered: 0,
        group_id: 'archive-014',
        id: 'archive-014:resume',
        kind: 'resume'
      },
+     [Object: null prototype] {
-     {
        body: '{"groupId":"archive-015","estimateId":"estimate-f4d5d77d3accf2c9cbed29d6","planHash":"1e6261b5fe36755502989b040c2cbc5115902c16db48f7b351c39c6913672b8c"}',
        delivered: 1,
        group_id: 'archive-015',
        id: 'scheduler-wake:archive-015:estimate:estimate-f4d5d77d3accf2c9cbed29d6',
        kind: 'budget-estimate'
      },
+     [Object: null prototype] {
-     {
        body: '{"groupId":"archive-015","startRevision":1}',
        delivered: 0,
        group_id: 'archive-015',
        id: 'archive-015:start',
        kind: 'start'
      },
+     [Object: null prototype] {
-     {
        body: '{"groupId":"archive-015","startRevision":1}',
        delivered: 0,
        group_id: 'archive-015',
        id: 'archive-015:no-start',
        kind: 'no-start'
      },
+     [Object: null prototype] {
-     {
        body: '{"groupId":"archive-015","startRevision":1}',
        delivered: 0,
        group_id: 'archive-015',
        id: 'archive-015:resume',
        kind: 'resume'
      },
+     [Object: null prototype] {
-     {
        body: '{"groupId":"archive-016","estimateId":"estimate-9a8e8e469b25fcb40b168944","planHash":"1e6261b5fe36755502989b040c2cbc5115902c16db48f7b351c39c6913672b8c"}',
        delivered: 1,
        group_id: 'archive-016',
        id: 'scheduler-wake:archive-016:estimate:estimate-9a8e8e469b25fcb40b168944',
        kind: 'budget-estimate'
      },
+     [Object: null prototype] {
-     {
        body: '{"groupId":"archive-016","startRevision":1}',
        delivered: 0,
        group_id: 'archive-016',
        id: 'archive-016:start',
        kind: 'start'
      },
+     [Object: null prototype] {
-     {
        body: '{"groupId":"archive-016","startRevision":1}',
        delivered: 0,
        group_id: 'archive-016',
        id: 'archive-016:no-start',
        kind: 'no-start'
      },
+     [Object: null prototype] {
-     {
        body: '{"groupId":"archive-016","startRevision":1}',
        delivered: 0,
        group_id: 'archive-016',
        id: 'archive-016:resume',
        kind: 'resume'
      },
+     [Object: null prototype] {
-     {
        body: '{"groupId":"archive-017","estimateId":"estimate-27b019131a390b00f146c261","planHash":"1e6261b5fe36755502989b040c2cbc5115902c16db48f7b351c39c6913672b8c"}',
        delivered: 1,
        group_id: 'archive-017',
        id: 'scheduler-wake:archive-017:estimate:estimate-27b019131a390b00f146c261',
        kind: 'budget-estimate'
      },
+     [Object: null prototype] {
-     {
        body: '{"groupId":"archive-017","startRevision":1}',
        delivered: 0,
        group_id: 'archive-017',
        id: 'archive-017:start',
        kind: 'start'
      },
+     [Object: null prototype] {
-     {
        body: '{"groupId":"archive-017","startRevision":1}',
        delivered: 0,
        group_id: 'archive-017',
        id: 'archive-017:no-start',
        kind: 'no-start'
      },
+     [Object: null prototype] {
-     {
        body: '{"groupId":"archive-017","startRevision":1}',
        delivered: 0,
        group_id: 'archive-017',
        id: 'archive-017:resume',
        kind: 'resume'
      },
+     [Object: null prototype] {
-     {
        body: '{"groupId":"archive-018","estimateId":"estimate-4f6b95dfc6b0946f0c15dd9d","planHash":"1e6261b5fe36755502989b040c2cbc5115902c16db48f7b351c39c6913672b8c"}',
        delivered: 1,
        group_id: 'archive-018',
        id: 'scheduler-wake:archive-018:estimate:estimate-4f6b95dfc6b0946f0c15dd9d',
        kind: 'budget-estimate'
      },
+     [Object: null prototype] {
-     {
        body: '{"groupId":"archive-018","startRevision":1}',
        delivered: 0,
        group_id: 'archive-018',
        id: 'archive-018:start',
        kind: 'start'
      },
+     [Object: null prototype] {
-     {
        body: '{"groupId":"archive-018","startRevision":1}',
        delivered: 0,
        group_id: 'archive-018',
        id: 'archive-018:no-start',
        kind: 'no-start'
      },
+     [Object: null prototype] {
-     {
        body: '{"groupId":"archive-018","startRevision":1}',
        delivered: 0,
        group_id: 'archive-018',
        id: 'archive-018:resume',
        kind: 'resume'
      },
+     [Object: null prototype] {
-     {
        body: '{"groupId":"archive-019","estimateId":"estimate-1eec3e2c3ed6bb1237852536","planHash":"1e6261b5fe36755502989b040c2cbc5115902c16db48f7b351c39c6913672b8c"}',
        delivered: 1,
        group_id: 'archive-019',
        id: 'scheduler-wake:archive-019:estimate:estimate-1eec3e2c3ed6bb1237852536',
        kind: 'budget-estimate'
      },
+     [Object: null prototype] {
-     {
        body: '{"groupId":"archive-019","startRevision":1}',
        delivered: 0,
        group_id: 'archive-019',
        id: 'archive-019:start',
        kind: 'start'
      },
+     [Object: null prototype] {
-     {
        body: '{"groupId":"archive-019","startRevision":1}',
        delivered: 0,
        group_id: 'archive-019',
        id: 'archive-019:no-start',
        kind: 'no-start'
      },
+     [Object: null prototype] {
-     {
        body: '{"groupId":"archive-019","startRevision":1}',
        delivered: 0,
        group_id: 'archive-019',
        id: 'archive-019:resume',
        kind: 'resume'
      },
+     [Object: null prototype] {
-     {
        body: '{"groupId":"archive-020","estimateId":"estimate-4133479c4f533c79d9974a43","planHash":"1e6261b5fe36755502989b040c2cbc5115902c16db48f7b351c39c6913672b8c"}',
        delivered: 1,
        group_id: 'archive-020',
        id: 'scheduler-wake:archive-020:estimate:estimate-4133479c4f533c79d9974a43',
        kind: 'budget-estimate'
      },
+     [Object: null prototype] {
-     {
        body: '{"groupId":"archive-020","startRevision":1}',
        delivered: 0,
        group_id: 'archive-020',
        id: 'archive-020:start',
        kind: 'start'
      },
+     [Object: null prototype] {
-     {
        body: '{"groupId":"archive-020","startRevision":1}',
        delivered: 0,
        group_id: 'archive-020',
        id: 'archive-020:no-start',
        kind: 'no-start'
      },
+     [Object: null prototype] {
-     {
        body: '{"groupId":"archive-020","startRevision":1}',
        delivered: 0,
        group_id: 'archive-020',
        id: 'archive-020:resume',
        kind: 'resume'
      },
+     [Object: null prototype] {
-     {
        body: '{"groupId":"archive-021","estimateId":"estimate-e841e01eb7ae459df7bc8d5c","planHash":"1e6261b5fe36755502989b040c2cbc5115902c16db48f7b351c39c6913672b8c"}',
        delivered: 1,
        group_id: 'archive-021',
        id: 'scheduler-wake:archive-021:estimate:estimate-e841e01eb7ae459df7bc8d5c',
        kind: 'budget-estimate'
      },
+     [Object: null prototype] {
-     {
        body: '{"groupId":"archive-021","startRevision":1}',
        delivered: 0,
        group_id: 'archive-021',
        id: 'archive-021:start',
        kind: 'start'
      },
+     [Object: null prototype] {
-     {
        body: '{"groupId":"archive-021","startRevision":1}',
        delivered: 0,
        group_id: 'archive-021',
        id: 'archive-021:no-start',
        kind: 'no-start'
      },
+     [Object: null prototype] {
-     {
        body: '{"groupId":"archive-021","startRevision":1}',
        delivered: 0,
        group_id: 'archive-021',
        id: 'archive-021:resume',
        kind: 'resume'
      },
+     [Object: null prototype] {
-     {
        body: '{"groupId":"archive-022","estimateId":"estimate-f2813a4f0369b700e0e37526","planHash":"1e6261b5fe36755502989b040c2cbc5115902c16db48f7b351c39c6913672b8c"}',
        delivered: 1,
        group_id: 'archive-022',
        id: 'scheduler-wake:archive-022:estimate:estimate-f2813a4f0369b700e0e37526',
        kind: 'budget-estimate'
      },
+     [Object: null prototype] {
-     {
        body: '{"groupId":"archive-022","startRevision":1}',
        delivered: 0,
        group_id: 'archive-022',
        id: 'archive-022:start',
        kind: 'start'
      },
+     [Object: null prototype] {
-     {
        body: '{"groupId":"archive-022","startRevision":1}',
        delivered: 0,
        group_id: 'archive-022',
        id: 'archive-022:no-start',
        kind: 'no-start'
      },
+     [Object: null prototype] {
-     {
        body: '{"groupId":"archive-022","startRevision":1}',
        delivered: 0,
        group_id: 'archive-022',
        id: 'archive-022:resume',
        kind: 'resume'
      },
+     [Object: null prototype] {
-     {
        body: '{"groupId":"archive-023","estimateId":"estimate-d5262965f58860cf8ae34356","planHash":"1e6261b5fe36755502989b040c2cbc5115902c16db48f7b351c39c6913672b8c"}',
        delivered: 1,
        group_id: 'archive-023',
        id: 'scheduler-wake:archive-023:estimate:estimate-d5262965f58860cf8ae34356',
        kind: 'budget-estimate'
      },
+     [Object: null prototype] {
-     {
        body: '{"groupId":"archive-023","startRevision":1}',
        delivered: 0,
        group_id: 'archive-023',
        id: 'archive-023:start',
        kind: 'start'
      },
+     [Object: null prototype] {
-     {
        body: '{"groupId":"archive-023","startRevision":1}',
        delivered: 0,
        group_id: 'archive-023',
        id: 'archive-023:no-start',
        kind: 'no-start'
      },
+     [Object: null prototype] {
-     {
        body: '{"groupId":"archive-023","startRevision":1}',
        delivered: 0,
        group_id: 'archive-023',
        id: 'archive-023:resume',
        kind: 'resume'
      },
+     [Object: null prototype] {
-     {
        body: '{"groupId":"archive-024","estimateId":"estimate-87e4b90c285919c035c801df","planHash":"1e6261b5fe36755502989b040c2cbc5115902c16db48f7b351c39c6913672b8c"}',
        delivered: 1,
        group_id: 'archive-024',
        id: 'scheduler-wake:archive-024:estimate:estimate-87e4b90c285919c035c801df',
        kind: 'budget-estimate'
      },
+     [Object: null prototype] {
-     {
        body: '{"groupId":"archive-024","startRevision":1}',
        delivered: 0,
        group_id: 'archive-024',
        id: 'archive-024:start',
        kind: 'start'
      },
+     [Object: null prototype] {
-     {
        body: '{"groupId":"archive-024","startRevision":1}',
        delivered: 0,
        group_id: 'archive-024',
        id: 'archive-024:no-start',
        kind: 'no-start'
      },
+     [Object: null prototype] {
-     {
        body: '{"groupId":"archive-024","startRevision":1}',
        delivered: 0,
        group_id: 'archive-024',
        id: 'archive-024:resume',
        kind: 'resume'
      },
+     [Object: null prototype] {
-     {
        body: '{"groupId":"archive-025","estimateId":"estimate-c58dac43722319c5f4b2d263","planHash":"1e6261b5fe36755502989b040c2cbc5115902c16db48f7b351c39c6913672b8c"}',
        delivered: 1,
        group_id: 'archive-025',
        id: 'scheduler-wake:archive-025:estimate:estimate-c58dac43722319c5f4b2d263',
        kind: 'budget-estimate'
      },
+     [Object: null prototype] {
-     {
        body: '{"groupId":"archive-025","startRevision":1}',
        delivered: 0,
        group_id: 'archive-025',
        id: 'archive-025:start',
        kind: 'start'
      },
+     [Object: null prototype] {
-     {
        body: '{"groupId":"archive-025","startRevision":1}',
        delivered: 0,
        group_id: 'archive-025',
        id: 'archive-025:no-start',
        kind: 'no-start'
      },
+     [Object: null prototype] {
-     {
        body: '{"groupId":"archive-025","startRevision":1}',
        delivered: 0,
        group_id: 'archive-025',
        id: 'archive-025:resume',
        kind: 'resume'
      },
+     [Object: null prototype] {
-     {
        body: '{"groupId":"archive-026","estimateId":"estimate-3e1262997e0ad028faeaee50","planHash":"1e6261b5fe36755502989b040c2cbc5115902c16db48f7b351c39c6913672b8c"}',
        delivered: 1,
        group_id: 'archive-026',
        id: 'scheduler-wake:archive-026:estimate:estimate-3e1262997e0ad028faeaee50',
        kind: 'budget-estimate'
      },
+     [Object: null prototype] {
-     {
        body: '{"groupId":"archive-026","startRevision":1}',
        delivered: 0,
        group_id: 'archive-026',
        id: 'archive-026:start',
        kind: 'start'
      },
+     [Object: null prototype] {
-     {
        body: '{"groupId":"archive-026","startRevision":1}',
        delivered: 0,
        group_id: 'archive-026',
        id: 'archive-026:no-start',
        kind: 'no-start'
      },
+     [Object: null prototype] {
-     {
        body: '{"groupId":"archive-026","startRevision":1}',
        delivered: 0,
        group_id: 'archive-026',
        id: 'archive-026:resume',
        kind: 'resume'
      },
+     [Object: null prototype] {
-     {
        body: '{"groupId":"archive-027","estimateId":"estimate-1cb2ae2e3a313d8911054125","planHash":"1e6261b5fe36755502989b040c2cbc5115902c16db48f7b351c39c6913672b8c"}',
        delivered: 1,
        group_id: 'archive-027',
        id: 'scheduler-wake:archive-027:estimate:estimate-1cb2ae2e3a313d8911054125',
        kind: 'budget-estimate'
      },
+     [Object: null prototype] {
-     {
        body: '{"groupId":"archive-027","startRevision":1}',
        delivered: 0,
        group_id: 'archive-027',
        id: 'archive-027:start',
        kind: 'start'
      },
+     [Object: null prototype] {
-     {
        body: '{"groupId":"archive-027","startRevision":1}',
        delivered: 0,
        group_id: 'archive-027',
        id: 'archive-027:no-start',
        kind: 'no-start'
      },
+     [Object: null prototype] {
-     {
        body: '{"groupId":"archive-027","startRevision":1}',
        delivered: 0,
        group_id: 'archive-027',
        id: 'archive-027:resume',
        kind: 'resume'
      },
+     [Object: null prototype] {
-     {
        body: '{"groupId":"archive-028","estimateId":"estimate-48fd38bf0d6de39d605b0148","planHash":"1e6261b5fe36755502989b040c2cbc5115902c16db48f7b351c39c6913672b8c"}',
        delivered: 1,
        group_id: 'archive-028',
        id: 'scheduler-wake:archive-028:estimate:estimate-48fd38bf0d6de39d605b0148',
        kind: 'budget-estimate'
      },
+     [Object: null prototype] {
-     {
        body: '{"groupId":"archive-028","startRevision":1}',
        delivered: 0,
        group_id: 'archive-028',
        id: 'archive-028:start',
        kind: 'start'
      },
+     [Object: null prototype] {
-     {
        body: '{"groupId":"archive-028","startRevision":1}',
        delivered: 0,
        group_id: 'archive-028',
        id: 'archive-028:no-start',
        kind: 'no-start'
      },
+     [Object: null prototype] {
-     {
        body: '{"groupId":"archive-028","startRevision":1}',
        delivered: 0,
        group_id: 'archive-028',
        id: 'archive-028:resume',
        kind: 'resume'
      },
+     [Object: null prototype] {
-     {
        body: '{"groupId":"archive-029","estimateId":"estimate-3bfe203276ec37eb19e8cd47","planHash":"1e6261b5fe36755502989b040c2cbc5115902c16db48f7b351c39c6913672b8c"}',
        delivered: 1,
        group_id: 'archive-029',
        id: 'scheduler-wake:archive-029:estimate:estimate-3bfe203276ec37eb19e8cd47',
        kind: 'budget-estimate'
      },
+     [Object: null prototype] {
-     {
        body: '{"groupId":"archive-029","startRevision":1}',
        delivered: 0,
        group_id: 'archive-029',
        id: 'archive-029:start',
        kind: 'start'
      },
+     [Object: null prototype] {
-     {
        body: '{"groupId":"archive-029","startRevision":1}',
        delivered: 0,
        group_id: 'archive-029',
        id: 'archive-029:no-start',
        kind: 'no-start'
      },
+     [Object: null prototype] {
-     {
        body: '{"groupId":"archive-029","startRevision":1}',
        delivered: 0,
        group_id: 'archive-029',
        id: 'archive-029:resume',
        kind: 'resume'
      },
+     [Object: null prototype] {
-     {
        body: '{"groupId":"archive-030","estimateId":"estimate-eafab4b94b0687784950f6f5","planHash":"1e6261b5fe36755502989b040c2cbc5115902c16db48f7b351c39c6913672b8c"}',
        delivered: 1,
        group_id: 'archive-030',
        id: 'scheduler-wake:archive-030:estimate:estimate-eafab4b94b0687784950f6f5',
        kind: 'budget-estimate'
      },
+     [Object: null prototype] {
-     {
        body: '{"groupId":"archive-030","startRevision":1}',
        delivered: 0,
        group_id: 'archive-030',
        id: 'archive-030:start',
        kind: 'start'
      },
+     [Object: null prototype] {
-     {
        body: '{"groupId":"archive-030","startRevision":1}',
        delivered: 0,
        group_id: 'archive-030',
        id: 'archive-030:no-start',
        kind: 'no-start'
      },
+     [Object: null prototype] {
-     {
        body: '{"groupId":"archive-030","startRevision":1}',
        delivered: 0,
        group_id: 'archive-030',
        id: 'archive-030:resume',
        kind: 'resume'
      },
+     [Object: null prototype] {
-     {
        body: '{"groupId":"archive-031","estimateId":"estimate-11630c9a989a82c70e56e5db","planHash":"1e6261b5fe36755502989b040c2cbc5115902c16db48f7b351c39c6913672b8c"}',
        delivered: 1,
        group_id: 'archive-031',
        id: 'scheduler-wake:archive-031:estimate:estimate-11630c9a989a82c70e56e5db',
        kind: 'budget-estimate'
      },
+     [Object: null prototype] {
-     {
        body: '{"groupId":"archive-031","startRevision":1}',
        delivered: 0,
        group_id: 'archive-031',
        id: 'archive-031:start',
        kind: 'start'
      },
+     [Object: null prototype] {
-     {
        body: '{"groupId":"archive-031","startRevision":1}',
        delivered: 0,
        group_id: 'archive-031',
        id: 'archive-031:no-start',
        kind: 'no-start'
      },
+     [Object: null prototype] {
-     {
        body: '{"groupId":"archive-031","startRevision":1}',
        delivered: 0,
        group_id: 'archive-031',
        id: 'archive-031:resume',
        kind: 'resume'
      },
+     [Object: null prototype] {
-     {
        body: '{"groupId":"archive-032","estimateId":"estimate-ccd5c1f08d37e4312ae92b5a","planHash":"1e6261b5fe36755502989b040c2cbc5115902c16db48f7b351c39c6913672b8c"}',
        delivered: 1,
        group_id: 'archive-032',
        id: 'scheduler-wake:archive-032:estimate:estimate-ccd5c1f08d37e4312ae92b5a',
        kind: 'budget-estimate'
      },
+     [Object: null prototype] {
-     {
        body: '{"groupId":"archive-032","startRevision":1}',
        delivered: 0,
        group_id: 'archive-032',
        id: 'archive-032:start',
        kind: 'start'
      },
+     [Object: null prototype] {
-     {
        body: '{"groupId":"archive-032","startRevision":1}',
        delivered: 0,
        group_id: 'archive-032',
        id: 'archive-032:no-start',
        kind: 'no-start'
      },
+     [Object: null prototype] {
-     {
        body: '{"groupId":"archive-032","startRevision":1}',
        delivered: 0,
        group_id: 'archive-032',
        id: 'archive-032:resume',
        kind: 'resume'
      },
+     [Object: null prototype] {
-     {
        body: '{"groupId":"archive-033","estimateId":"estimate-e0b706cd782b37174e5ea34c","planHash":"1e6261b5fe36755502989b040c2cbc5115902c16db48f7b351c39c6913672b8c"}',
        delivered: 1,
        group_id: 'archive-033',
        id: 'scheduler-wake:archive-033:estimate:estimate-e0b706cd782b37174e5ea34c',
        kind: 'budget-estimate'
      },
+     [Object: null prototype] {
-     {
        body: '{"groupId":"archive-033","startRevision":1}',
        delivered: 0,
        group_id: 'archive-033',
        id: 'archive-033:start',
        kind: 'start'
      },
+     [Object: null prototype] {
-     {
        body: '{"groupId":"archive-033","startRevision":1}',
        delivered: 0,
        group_id: 'archive-033',
        id: 'archive-033:no-start',
        kind: 'no-start'
      },
+     [Object: null prototype] {
-     {
        body: '{"groupId":"archive-033","startRevision":1}',
        delivered: 0,
        group_id: 'archive-033',
        id: 'archive-033:resume',
        kind: 'resume'
      },
+     [Object: null prototype] {
-     {
        body: '{"groupId":"archive-034","estimateId":"estimate-6f3da0a917ec22ab95100f6d","planHash":"1e6261b5fe36755502989b040c2cbc5115902c16db48f7b351c39c6913672b8c"}',
        delivered: 1,
        group_id: 'archive-034',
        id: 'scheduler-wake:archive-034:estimate:estimate-6f3da0a917ec22ab95100f6d',
        kind: 'budget-estimate'
      },
+     [Object: null prototype] {
-     {
        body: '{"groupId":"archive-034","startRevision":1}',
        delivered: 0,
        group_id: 'archive-034',
        id: 'archive-034:start',
        kind: 'start'
      },
+     [Object: null prototype] {
-     {
        body: '{"groupId":"archive-034","startRevision":1}',
        delivered: 0,
        group_id: 'archive-034',
        id: 'archive-034:no-start',
        kind: 'no-start'
      },
+     [Object: null prototype] {
-     {
        body: '{"groupId":"archive-034","startRevision":1}',
        delivered: 0,
        group_id: 'archive-034',
        id: 'archive-034:resume',
        kind: 'resume'
      },
+     [Object: null prototype] {
-     {
        body: '{"groupId":"archive-035","estimateId":"estimate-8282e47cc1417ec37780deec","planHash":"1e6261b5fe36755502989b040c2cbc5115902c16db48f7b351c39c6913672b8c"}',
        delivered: 1,
        group_id: 'archive-035',
        id: 'scheduler-wake:archive-035:estimate:estimate-8282e47cc1417ec37780deec',
        kind: 'budget-estimate'
      },
+     [Object: null prototype] {
-     {
        body: '{"groupId":"archive-035","startRevision":1}',
        delivered: 0,
        group_id: 'archive-035',
        id: 'archive-035:start',
        kind: 'start'
      },
+     [Object: null prototype] {
-     {
        body: '{"groupId":"archive-035","startRevision":1}',
        delivered: 0,
        group_id: 'archive-035',
        id: 'archive-035:no-start',
        kind: 'no-start'
      },
+     [Object: null prototype] {
-     {
        body: '{"groupId":"archive-035","startRevision":1}',
        delivered: 0,
        group_id: 'archive-035',
        id: 'archive-035:resume',
        kind: 'resume'
      },
+     [Object: null prototype] {
-     {
        body: '{"groupId":"archive-036","estimateId":"estimate-f7f07ef8a409c634e42a6484","planHash":"1e6261b5fe36755502989b040c2cbc5115902c16db48f7b351c39c6913672b8c"}',
        delivered: 1,
        group_id: 'archive-036',
        id: 'scheduler-wake:archive-036:estimate:estimate-f7f07ef8a409c634e42a6484',
        kind: 'budget-estimate'
      },
+     [Object: null prototype] {
-     {
        body: '{"groupId":"archive-036","startRevision":1}',
        delivered: 0,
        group_id: 'archive-036',
        id: 'archive-036:start',
        kind: 'start'
      },
+     [Object: null prototype] {
-     {
        body: '{"groupId":"archive-036","startRevision":1}',
        delivered: 0,
        group_id: 'archive-036',
        id: 'archive-036:no-start',
        kind: 'no-start'
      },
+     [Object: null prototype] {
-     {
        body: '{"groupId":"archive-036","startRevision":1}',
        delivered: 0,
        group_id: 'archive-036',
        id: 'archive-036:resume',
        kind: 'resume'
      },
+     [Object: null prototype] {
-     {
        body: '{"groupId":"archive-037","estimateId":"estimate-68828e9196f423f721000795","planHash":"1e6261b5fe36755502989b040c2cbc5115902c16db48f7b351c39c6913672b8c"}',
        delivered: 1,
        group_id: 'archive-037',
        id: 'scheduler-wake:archive-037:estimate:estimate-68828e9196f423f721000795',
        kind: 'budget-estimate'
      },
+     [Object: null prototype] {
-     {
        body: '{"groupId":"archive-037","startRevision":1}',
        delivered: 0,
        group_id: 'archive-037',
        id: 'archive-037:start',
        kind: 'start'
      },
+     [Object: null prototype] {
-     {
        body: '{"groupId":"archive-037","startRevision":1}',
        delivered: 0,
        group_id: 'archive-037',
        id: 'archive-037:no-start',
        kind: 'no-start'
      },
+     [Object: null prototype] {
-     {
        body: '{"groupId":"archive-037","startRevision":1}',
        delivered: 0,
        group_id: 'archive-037',
        id: 'archive-037:resume',
        kind: 'resume'
      },
+     [Object: null prototype] {
-     {
        body: '{"groupId":"archive-038","estimateId":"estimate-8fba2cbb7983a66b0bacff27","planHash":"1e6261b5fe36755502989b040c2cbc5115902c16db48f7b351c39c6913672b8c"}',
        delivered: 1,
        group_id: 'archive-038',
        id: 'scheduler-wake:archive-038:estimate:estimate-8fba2cbb7983a66b0bacff27',
        kind: 'budget-estimate'
      },
+     [Object: null prototype] {
-     {
        body: '{"groupId":"archive-038","startRevision":1}',
        delivered: 0,
        group_id: 'archive-038',
        id: 'archive-038:start',
        kind: 'start'
      },
+     [Object: null prototype] {
-     {
        body: '{"groupId":"archive-038","startRevision":1}',
        delivered: 0,
        group_id: 'archive-038',
        id: 'archive-038:no-start',
        kind: 'no-start'
      },
+     [Object: null prototype] {
-     {
        body: '{"groupId":"archive-038","startRevision":1}',
        delivered: 0,
        group_id: 'archive-038',
        id: 'archive-038:resume',
        kind: 'resume'
      },
+     [Object: null prototype] {
-     {
        body: '{"groupId":"archive-039","estimateId":"estimate-40b76a833885a8888c049276","planHash":"1e6261b5fe36755502989b040c2cbc5115902c16db48f7b351c39c6913672b8c"}',
        delivered: 1,
        group_id: 'archive-039',
        id: 'scheduler-wake:archive-039:estimate:estimate-40b76a833885a8888c049276',
        kind: 'budget-estimate'
      },
+     [Object: null prototype] {
-     {
        body: '{"groupId":"archive-039","startRevision":1}',
        delivered: 0,
        group_id: 'archive-039',
        id: 'archive-039:start',
        kind: 'start'
      },
+     [Object: null prototype] {
-     {
        body: '{"groupId":"archive-039","startRevision":1}',
        delivered: 0,
        group_id: 'archive-039',
        id: 'archive-039:no-start',
        kind: 'no-start'
      },
+     [Object: null prototype] {
-     {
        body: '{"groupId":"archive-039","startRevision":1}',
        delivered: 0,
        group_id: 'archive-039',
        id: 'archive-039:resume',
        kind: 'resume'
      },
+     [Object: null prototype] {
-     {
        body: '{"groupId":"archive-040","estimateId":"estimate-eac9b49e1c2f31564565f419","planHash":"1e6261b5fe36755502989b040c2cbc5115902c16db48f7b351c39c6913672b8c"}',
        delivered: 1,
        group_id: 'archive-040',
        id: 'scheduler-wake:archive-040:estimate:estimate-eac9b49e1c2f31564565f419',
        kind: 'budget-estimate'
      },
+     [Object: null prototype] {
-     {
        body: '{"groupId":"archive-040","startRevision":1}',
        delivered: 0,
        group_id: 'archive-040',
        id: 'archive-040:start',
        kind: 'start'
      },
+     [Object: null prototype] {
-     {
        body: '{"groupId":"archive-040","startRevision":1}',
        delivered: 0,
        group_id: 'archive-040',
        id: 'archive-040:no-start',
        kind: 'no-start'
      },
+     [Object: null prototype] {
-     {
        body: '{"groupId":"archive-040","startRevision":1}',
        delivered: 0,
        group_id: 'archive-040',
        id: 'archive-040:resume',
        kind: 'resume'
      },
+     [Object: null prototype] {
-     {
        body: '{"groupId":"archive-041","estimateId":"estimate-6c30758c45229987b807fd1c","planHash":"1e6261b5fe36755502989b040c2cbc5115902c16db48f7b351c39c6913672b8c"}',
        delivered: 1,
        group_id: 'archive-041',
        id: 'scheduler-wake:archive-041:estimate:estimate-6c30758c45229987b807fd1c',
        kind: 'budget-estimate'
      },
+     [Object: null prototype] {
-     {
        body: '{"groupId":"archive-041","startRevision":1}',
        delivered: 0,
        group_id: 'archive-041',
        id: 'archive-041:start',
        kind: 'start'
      },
+     [Object: null prototype] {
-     {
        body: '{"groupId":"archive-041","startRevision":1}',
        delivered: 0,
        group_id: 'archive-041',
        id: 'archive-041:no-start',
        kind: 'no-start'
      },
+     [Object: null prototype] {
-     {
        body: '{"groupId":"archive-041","startRevision":1}',
        delivered: 0,
        group_id: 'archive-041',
        id: 'archive-041:resume',
        kind: 'resume'
      },
+     [Object: null prototype] {
-     {
        body: '{"groupId":"archive-042","estimateId":"estimate-7f9ecf16f9abec52bef9790c","planHash":"1e6261b5fe36755502989b040c2cbc5115902c16db48f7b351c39c6913672b8c"}',
        delivered: 1,
        group_id: 'archive-042',
        id: 'scheduler-wake:archive-042:estimate:estimate-7f9ecf16f9abec52bef9790c',
        kind: 'budget-estimate'
      },
+     [Object: null prototype] {
-     {
        body: '{"groupId":"archive-042","startRevision":1}',
        delivered: 0,
        group_id: 'archive-042',
        id: 'archive-042:start',
        kind: 'start'
      },
+     [Object: null prototype] {
-     {
        body: '{"groupId":"archive-042","startRevision":1}',
        delivered: 0,
        group_id: 'archive-042',
        id: 'archive-042:no-start',
        kind: 'no-start'
      },
+     [Object: null prototype] {
-     {
        body: '{"groupId":"archive-042","startRevision":1}',
        delivered: 0,
        group_id: 'archive-042',
        id: 'archive-042:resume',
        kind: 'resume'
      },
+     [Object: null prototype] {
-     {
        body: '{"groupId":"archive-043","estimateId":"estimate-1f3f7a7c5566b1d6dec90186","planHash":"1e6261b5fe36755502989b040c2cbc5115902c16db48f7b351c39c6913672b8c"}',
        delivered: 1,
        group_id: 'archive-043',
        id: 'scheduler-wake:archive-043:estimate:estimate-1f3f7a7c5566b1d6dec90186',
        kind: 'budget-estimate'
      },
+     [Object: null prototype] {
-     {
        body: '{"groupId":"archive-043","startRevision":1}',
        delivered: 0,
        group_id: 'archive-043',
        id: 'archive-043:start',
        kind: 'start'
      },
+     [Object: null prototype] {
-     {
        body: '{"groupId":"archive-043","startRevision":1}',
        delivered: 0,
        group_id: 'archive-043',
        id: 'archive-043:no-start',
        kind: 'no-start'
      },
+     [Object: null prototype] {
-     {
        body: '{"groupId":"archive-043","startRevision":1}',
        delivered: 0,
        group_id: 'archive-043',
        id: 'archive-043:resume',
        kind: 'resume'
      },
+     [Object: null prototype] {
-     {
        body: '{"groupId":"archive-044","estimateId":"estimate-ba07f1bd5ebf28d96a91c75c","planHash":"1e6261b5fe36755502989b040c2cbc5115902c16db48f7b351c39c6913672b8c"}',
        delivered: 1,
        group_id: 'archive-044',
        id: 'scheduler-wake:archive-044:estimate:estimate-ba07f1bd5ebf28d96a91c75c',
        kind: 'budget-estimate'
      },
+     [Object: null prototype] {
-     {
        body: '{"groupId":"archive-044","startRevision":1}',
        delivered: 0,
        group_id: 'archive-044',
        id: 'archive-044:start',
        kind: 'start'
      },
+     [Object: null prototype] {
-     {
        body: '{"groupId":"archive-044","startRevision":1}',
        delivered: 0,
        group_id: 'archive-044',
        id: 'archive-044:no-start',
        kind: 'no-start'
      },
+     [Object: null prototype] {
-     {
        body: '{"groupId":"archive-044","startRevision":1}',
        delivered: 0,
        group_id: 'archive-044',
        id: 'archive-044:resume',
        kind: 'resume'
      },
+     [Object: null prototype] {
-     {
        body: '{"groupId":"archive-045","estimateId":"estimate-ec478ae407582c32d25b28fd","planHash":"1e6261b5fe36755502989b040c2cbc5115902c16db48f7b351c39c6913672b8c"}',
        delivered: 1,
        group_id: 'archive-045',
        id: 'scheduler-wake:archive-045:estimate:estimate-ec478ae407582c32d25b28fd',
        kind: 'budget-estimate'
      },
+     [Object: null prototype] {
-     {
        body: '{"groupId":"archive-045","startRevision":1}',
        delivered: 0,
        group_id: 'archive-045',
        id: 'archive-045:start',
        kind: 'start'
      },
+     [Object: null prototype] {
-     {
        body: '{"groupId":"archive-045","startRevision":1}',
        delivered: 0,
        group_id: 'archive-045',
        id: 'archive-045:no-start',
        kind: 'no-start'
      },
+     [Object: null prototype] {
-     {
        body: '{"groupId":"archive-045","startRevision":1}',
        delivered: 0,
        group_id: 'archive-045',
        id: 'archive-045:resume',
        kind: 'resume'
      },
+     [Object: null prototype] {
-     {
        body: '{"groupId":"archive-046","estimateId":"estimate-497a6fcdfef524995df0cdc9","planHash":"1e6261b5fe36755502989b040c2cbc5115902c16db48f7b351c39c6913672b8c"}',
        delivered: 1,
        group_id: 'archive-046',
        id: 'scheduler-wake:archive-046:estimate:estimate-497a6fcdfef524995df0cdc9',
        kind: 'budget-estimate'
      },
+     [Object: null prototype] {
-     {
        body: '{"groupId":"archive-046","startRevision":1}',
        delivered: 0,
        group_id: 'archive-046',
        id: 'archive-046:start',
        kind: 'start'
      },
+     [Object: null prototype] {
-     {
        body: '{"groupId":"archive-046","startRevision":1}',
        delivered: 0,
        group_id: 'archive-046',
        id: 'archive-046:no-start',
        kind: 'no-start'
      },
+     [Object: null prototype] {
-     {
        body: '{"groupId":"archive-046","startRevision":1}',
        delivered: 0,
        group_id: 'archive-046',
        id: 'archive-046:resume',
        kind: 'resume'
      },
+     [Object: null prototype] {
-     {
        body: '{"groupId":"archive-047","estimateId":"estimate-7ac71be2048f7da38f3a72e0","planHash":"1e6261b5fe36755502989b040c2cbc5115902c16db48f7b351c39c6913672b8c"}',
        delivered: 1,
        group_id: 'archive-047',
        id: 'scheduler-wake:archive-047:estimate:estimate-7ac71be2048f7da38f3a72e0',
        kind: 'budget-estimate'
      },
+     [Object: null prototype] {
-     {
        body: '{"groupId":"archive-047","startRevision":1}',
        delivered: 0,
        group_id: 'archive-047',
        id: 'archive-047:start',
        kind: 'start'
      },
+     [Object: null prototype] {
-     {
        body: '{"groupId":"archive-047","startRevision":1}',
        delivered: 0,
        group_id: 'archive-047',
        id: 'archive-047:no-start',
        kind: 'no-start'
      },
+     [Object: null prototype] {
-     {
        body: '{"groupId":"archive-047","startRevision":1}',
        delivered: 0,
        group_id: 'archive-047',
        id: 'archive-047:resume',
        kind: 'resume'
      },
+     [Object: null prototype] {
-     {
        body: '{"groupId":"archive-048","estimateId":"estimate-76849206d59e9b83ebba7b1f","planHash":"1e6261b5fe36755502989b040c2cbc5115902c16db48f7b351c39c6913672b8c"}',
        delivered: 1,
        group_id: 'archive-048',
        id: 'scheduler-wake:archive-048:estimate:estimate-76849206d59e9b83ebba7b1f',
        kind: 'budget-estimate'
      },
+     [Object: null prototype] {
-     {
        body: '{"groupId":"archive-048","startRevision":1}',
        delivered: 0,
        group_id: 'archive-048',
        id: 'archive-048:start',
        kind: 'start'
      },
+     [Object: null prototype] {
-     {
        body: '{"groupId":"archive-048","startRevision":1}',
        delivered: 0,
        group_id: 'archive-048',
        id: 'archive-048:no-start',
        kind: 'no-start'
      },
+     [Object: null prototype] {
-     {
        body: '{"groupId":"archive-048","startRevision":1}',
        delivered: 0,
        group_id: 'archive-048',
        id: 'archive-048:resume',
        kind: 'resume'
      },
+     [Object: null prototype] {
-     {
        body: '{"groupId":"archive-049","estimateId":"estimate-7d9f1835bf3d94a1eac232eb","planHash":"1e6261b5fe36755502989b040c2cbc5115902c16db48f7b351c39c6913672b8c"}',
        delivered: 1,
        group_id: 'archive-049',
        id: 'scheduler-wake:archive-049:estimate:estimate-7d9f1835bf3d94a1eac232eb',
        kind: 'budget-estimate'
      },
+     [Object: null prototype] {
-     {
        body: '{"groupId":"archive-049","startRevision":1}',
        delivered: 0,
        group_id: 'archive-049',
        id: 'archive-049:start',
        kind: 'start'
      },
+     [Object: null prototype] {
-     {
        body: '{"groupId":"archive-049","startRevision":1}',
        delivered: 0,
        group_id: 'archive-049',
        id: 'archive-049:no-start',
        kind: 'no-start'
      },
+     [Object: null prototype] {
-     {
        body: '{"groupId":"archive-049","startRevision":1}',
        delivered: 0,
        group_id: 'archive-049',
        id: 'archive-049:resume',
        kind: 'resume'
      },
+     [Object: null prototype] {
-     {
        body: '{"groupId":"archive-050","estimateId":"estimate-7c5b4caa3b184cf74ce433cc","planHash":"1e6261b5fe36755502989b040c2cbc5115902c16db48f7b351c39c6913672b8c"}',
        delivered: 1,
        group_id: 'archive-050',
        id: 'scheduler-wake:archive-050:estimate:estimate-7c5b4caa3b184cf74ce433cc',
        kind: 'budget-estimate'
      },
+     [Object: null prototype] {
-     {
        body: '{"groupId":"archive-050","startRevision":1}',
        delivered: 0,
        group_id: 'archive-050',
        id: 'archive-050:start',
        kind: 'start'
      },
+     [Object: null prototype] {
-     {
        body: '{"groupId":"archive-050","startRevision":1}',
        delivered: 0,
        group_id: 'archive-050',
        id: 'archive-050:no-start',
        kind: 'no-start'
      },
+     [Object: null prototype] {
-     {
        body: '{"groupId":"archive-050","startRevision":1}',
        delivered: 0,
        group_id: 'archive-050',
        id: 'archive-050:resume',
        kind: 'resume'
      },
+     [Object: null prototype] {
-     {
        body: '{"groupId":"archive-051","estimateId":"estimate-d2a1800a710d68cd9bb210b7","planHash":"1e6261b5fe36755502989b040c2cbc5115902c16db48f7b351c39c6913672b8c"}',
        delivered: 1,
        group_id: 'archive-051',
        id: 'scheduler-wake:archive-051:estimate:estimate-d2a1800a710d68cd9bb210b7',
        kind: 'budget-estimate'
      },
+     [Object: null prototype] {
-     {
        body: '{"groupId":"archive-051","startRevision":1}',
        delivered: 0,
        group_id: 'archive-051',
        id: 'archive-051:start',
        kind: 'start'
      },
+     [Object: null prototype] {
-     {
        body: '{"groupId":"archive-051","startRevision":1}',
        delivered: 0,
        group_id: 'archive-051',
        id: 'archive-051:no-start',
        kind: 'no-start'
      },
+     [Object: null prototype] {
-     {
        body: '{"groupId":"archive-051","startRevision":1}',
        delivered: 0,
        group_id: 'archive-051',
        id: 'archive-051:resume',
        kind: 'resume'
      },
+     [Object: null prototype] {
-     {
        body: '{"groupId":"archive-052","estimateId":"estimate-f82b05f2f475606fb4e8d1ee","planHash":"1e6261b5fe36755502989b040c2cbc5115902c16db48f7b351c39c6913672b8c"}',
        delivered: 1,
        group_id: 'archive-052',
        id: 'scheduler-wake:archive-052:estimate:estimate-f82b05f2f475606fb4e8d1ee',
        kind: 'budget-estimate'
      },
+     [Object: null prototype] {
-     {
        body: '{"groupId":"archive-052","startRevision":1}',
        delivered: 0,
        group_id: 'archive-052',
        id: 'archive-052:start',
        kind: 'start'
      },
+     [Object: null prototype] {
-     {
        body: '{"groupId":"archive-052","startRevision":1}',
        delivered: 0,
        group_id: 'archive-052',
        id: 'archive-052:no-start',
        kind: 'no-start'
      },
+     [Object: null prototype] {
-     {
        body: '{"groupId":"archive-052","startRevision":1}',
        delivered: 0,
        group_id: 'archive-052',
        id: 'archive-052:resume',
        kind: 'resume'
      },
+     [Object: null prototype] {
-     {
        body: '{"groupId":"archive-053","estimateId":"estimate-890129a092222b4aa0f50e25","planHash":"1e6261b5fe36755502989b040c2cbc5115902c16db48f7b351c39c6913672b8c"}',
        delivered: 1,
        group_id: 'archive-053',
        id: 'scheduler-wake:archive-053:estimate:estimate-890129a092222b4aa0f50e25',
        kind: 'budget-estimate'
      },
+     [Object: null prototype] {
-     {
        body: '{"groupId":"archive-053","startRevision":1}',
        delivered: 0,
        group_id: 'archive-053',
        id: 'archive-053:start',
        kind: 'start'
      },
+     [Object: null prototype] {
-     {
        body: '{"groupId":"archive-053","startRevision":1}',
        delivered: 0,
        group_id: 'archive-053',
        id: 'archive-053:no-start',
        kind: 'no-start'
      },
+     [Object: null prototype] {
-     {
        body: '{"groupId":"archive-053","startRevision":1}',
        delivered: 0,
        group_id: 'archive-053',
        id: 'archive-053:resume',
        kind: 'resume'
      },
+     [Object: null prototype] {
-     {
        body: '{"groupId":"archive-054","estimateId":"estimate-1b3a601c273a5c2cb9fb89ad","planHash":"1e6261b5fe36755502989b040c2cbc5115902c16db48f7b351c39c6913672b8c"}',
        delivered: 1,
        group_id: 'archive-054',
        id: 'scheduler-wake:archive-054:estimate:estimate-1b3a601c273a5c2cb9fb89ad',
        kind: 'budget-estimate'
      },
+     [Object: null prototype] {
-     {
        body: '{"groupId":"archive-054","startRevision":1}',
        delivered: 0,
        group_id: 'archive-054',
        id: 'archive-054:start',
        kind: 'start'
      },
+     [Object: null prototype] {
-     {
        body: '{"groupId":"archive-054","startRevision":1}',
        delivered: 0,
        group_id: 'archive-054',
        id: 'archive-054:no-start',
        kind: 'no-start'
      },
+     [Object: null prototype] {
-     {
        body: '{"groupId":"archive-054","startRevision":1}',
        delivered: 0,
        group_id: 'archive-054',
        id: 'archive-054:resume',
        kind: 'resume'
      },
+     [Object: null prototype] {
-     {
        body: '{"groupId":"archive-055","estimateId":"estimate-86ce5b5822c6bde83e37dfd4","planHash":"1e6261b5fe36755502989b040c2cbc5115902c16db48f7b351c39c6913672b8c"}',
        delivered: 1,
        group_id: 'archive-055',
        id: 'scheduler-wake:archive-055:estimate:estimate-86ce5b5822c6bde83e37dfd4',
        kind: 'budget-estimate'
      },
+     [Object: null prototype] {
-     {
        body: '{"groupId":"archive-055","startRevision":1}',
        delivered: 0,
        group_id: 'archive-055',
        id: 'archive-055:start',
        kind: 'start'
      },
+     [Object: null prototype] {
-     {
        body: '{"groupId":"archive-055","startRevision":1}',
        delivered: 0,
        group_id: 'archive-055',
        id: 'archive-055:no-start',
        kind: 'no-start'
      },
+     [Object: null prototype] {
-     {
        body: '{"groupId":"archive-055","startRevision":1}',
        delivered: 0,
        group_id: 'archive-055',
        id: 'archive-055:resume',
        kind: 'resume'
      },
+     [Object: null prototype] {
-     {
        body: '{"groupId":"archive-056","estimateId":"estimate-9bb7f7ce7d1156736e8c163e","planHash":"1e6261b5fe36755502989b040c2cbc5115902c16db48f7b351c39c6913672b8c"}',
        delivered: 1,
        group_id: 'archive-056',
        id: 'scheduler-wake:archive-056:estimate:estimate-9bb7f7ce7d1156736e8c163e',
        kind: 'budget-estimate'
      },
+     [Object: null prototype] {
-     {
        body: '{"groupId":"archive-056","startRevision":1}',
        delivered: 0,
        group_id: 'archive-056',
        id: 'archive-056:start',
        kind: 'start'
      },
+     [Object: null prototype] {
-     {
        body: '{"groupId":"archive-056","startRevision":1}',
        delivered: 0,
        group_id: 'archive-056',
        id: 'archive-056:no-start',
        kind: 'no-start'
      },
+     [Object: null prototype] {
-     {
        body: '{"groupId":"archive-056","startRevision":1}',
        delivered: 0,
        group_id: 'archive-056',
        id: 'archive-056:resume',
        kind: 'resume'
      },
+     [Object: null prototype] {
-     {
        body: '{"groupId":"archive-057","estimateId":"estimate-0600b5e53194a319dab19706","planHash":"1e6261b5fe36755502989b040c2cbc5115902c16db48f7b351c39c6913672b8c"}',
        delivered: 1,
        group_id: 'archive-057',
        id: 'scheduler-wake:archive-057:estimate:estimate-0600b5e53194a319dab19706',
        kind: 'budget-estimate'
      },
+     [Object: null prototype] {
-     {
        body: '{"groupId":"archive-057","startRevision":1}',
        delivered: 0,
        group_id: 'archive-057',
        id: 'archive-057:start',
        kind: 'start'
      },
+     [Object: null prototype] {
-     {
        body: '{"groupId":"archive-057","startRevision":1}',
        delivered: 0,
        group_id: 'archive-057',
        id: 'archive-057:no-start',
        kind: 'no-start'
      },
+     [Object: null prototype] {
-     {
        body: '{"groupId":"archive-057","startRevision":1}',
        delivered: 0,
        group_id: 'archive-057',
        id: 'archive-057:resume',
        kind: 'resume'
      },
+     [Object: null prototype] {
-     {
        body: '{"groupId":"archive-058","estimateId":"estimate-1a4b88b8ac63aeb8edc9936c","planHash":"1e6261b5fe36755502989b040c2cbc5115902c16db48f7b351c39c6913672b8c"}',
        delivered: 1,
        group_id: 'archive-058',
        id: 'scheduler-wake:archive-058:estimate:estimate-1a4b88b8ac63aeb8edc9936c',
        kind: 'budget-estimate'
      },
+     [Object: null prototype] {
-     {
        body: '{"groupId":"archive-058","startRevision":1}',
        delivered: 0,
        group_id: 'archive-058',
        id: 'archive-058:start',
        kind: 'start'
      },
+     [Object: null prototype] {
-     {
        body: '{"groupId":"archive-058","startRevision":1}',
        delivered: 0,
        group_id: 'archive-058',
        id: 'archive-058:no-start',
        kind: 'no-start'
      },
+     [Object: null prototype] {
-     {
        body: '{"groupId":"archive-058","startRevision":1}',
        delivered: 0,
        group_id: 'archive-058',
        id: 'archive-058:resume',
        kind: 'resume'
      },
+     [Object: null prototype] {
-     {
        body: '{"groupId":"archive-059","estimateId":"estimate-4e80ce032f46a575984b2d00","planHash":"1e6261b5fe36755502989b040c2cbc5115902c16db48f7b351c39c6913672b8c"}',
        delivered: 1,
        group_id: 'archive-059',
        id: 'scheduler-wake:archive-059:estimate:estimate-4e80ce032f46a575984b2d00',
        kind: 'budget-estimate'
      },
+     [Object: null prototype] {
-     {
        body: '{"groupId":"archive-059","startRevision":1}',
        delivered: 0,
        group_id: 'archive-059',
        id: 'archive-059:start',
        kind: 'start'
      },
+     [Object: null prototype] {
-     {
        body: '{"groupId":"archive-059","startRevision":1}',
        delivered: 0,
        group_id: 'archive-059',
        id: 'archive-059:no-start',
        kind: 'no-start'
      },
+     [Object: null prototype] {
-     {
        body: '{"groupId":"archive-059","startRevision":1}',
        delivered: 0,
        group_id: 'archive-059',
        id: 'archive-059:resume',
        kind: 'resume'
      },
+     [Object: null prototype] {
-     {
        body: '{"groupId":"archive-060","estimateId":"estimate-0040bcb375d93e28d3016dd1","planHash":"1e6261b5fe36755502989b040c2cbc5115902c16db48f7b351c39c6913672b8c"}',
        delivered: 1,
        group_id: 'archive-060',
        id: 'scheduler-wake:archive-060:estimate:estimate-0040bcb375d93e28d3016dd1',
        kind: 'budget-estimate'
      },
+     [Object: null prototype] {
-     {
        body: '{"groupId":"archive-060","startRevision":1}',
        delivered: 0,
        group_id: 'archive-060',
        id: 'archive-060:start',
        kind: 'start'
      },
+     [Object: null prototype] {
-     {
        body: '{"groupId":"archive-060","startRevision":1}',
        delivered: 0,
        group_id: 'archive-060',
        id: 'archive-060:no-start',
        kind: 'no-start'
      },
+     [Object: null prototype] {
-     {
        body: '{"groupId":"archive-060","startRevision":1}',
        delivered: 0,
        group_id: 'archive-060',
        id: 'archive-060:resume',
        kind: 'resume'
      },
+     [Object: null prototype] {
-     {
        body: '{"groupId":"archive-061","estimateId":"estimate-e6cb4ff7a5b8ab84d8da7bed","planHash":"1e6261b5fe36755502989b040c2cbc5115902c16db48f7b351c39c6913672b8c"}',
        delivered: 1,
        group_id: 'archive-061',
        id: 'scheduler-wake:archive-061:estimate:estimate-e6cb4ff7a5b8ab84d8da7bed',
        kind: 'budget-estimate'
      },
+     [Object: null prototype] {
-     {
        body: '{"groupId":"archive-061","startRevision":1}',
        delivered: 0,
        group_id: 'archive-061',
        id: 'archive-061:start',
        kind: 'start'
      },
+     [Object: null prototype] {
-     {
        body: '{"groupId":"archive-061","startRevision":1}',
        delivered: 0,
        group_id: 'archive-061',
        id: 'archive-061:no-start',
        kind: 'no-start'
      },
+     [Object: null prototype] {
-     {
        body: '{"groupId":"archive-061","startRevision":1}',
        delivered: 0,
        group_id: 'archive-061',
        id: 'archive-061:resume',
        kind: 'resume'
      },
+     [Object: null prototype] {
-     {
        body: '{"groupId":"archive-062","estimateId":"estimate-e211ae6fdc87f5ac9a14acb3","planHash":"1e6261b5fe36755502989b040c2cbc5115902c16db48f7b351c39c6913672b8c"}',
        delivered: 1,
        group_id: 'archive-062',
        id: 'scheduler-wake:archive-062:estimate:estimate-e211ae6fdc87f5ac9a14acb3',
        kind: 'budget-estimate'
      },
+     [Object: null prototype] {
-     {
        body: '{"groupId":"archive-062","startRevision":1}',
        delivered: 0,
        group_id: 'archive-062',
        id: 'archive-062:start',
        kind: 'start'
      },
+     [Object: null prototype] {
-     {
        body: '{"groupId":"archive-062","startRevision":1}',
        delivered: 0,
        group_id: 'archive-062',
        id: 'archive-062:no-start',
        kind: 'no-start'
      },
+     [Object: null prototype] {
-     {
        body: '{"groupId":"archive-062","startRevision":1}',
        delivered: 0,
        group_id: 'archive-062',
        id: 'archive-062:resume',
        kind: 'resume'
      },
+     [Object: null prototype] {
-     {
        body: '{"groupId":"archive-063","estimateId":"estimate-162247e31edcc2d6eafb5ded","planHash":"1e6261b5fe36755502989b040c2cbc5115902c16db48f7b351c39c6913672b8c"}',
        delivered: 1,
        group_id: 'archive-063',
        id: 'scheduler-wake:archive-063:estimate:estimate-162247e31edcc2d6eafb5ded',
        kind: 'budget-estimate'
      },
+     [Object: null prototype] {
-     {
        body: '{"groupId":"archive-063","startRevision":1}',
        delivered: 0,
        group_id: 'archive-063',
        id: 'archive-063:start',
        kind: 'start'
      },
+     [Object: null prototype] {
-     {
        body: '{"groupId":"archive-063","startRevision":1}',
        delivered: 0,
        group_id: 'archive-063',
        id: 'archive-063:no-start',
        kind: 'no-start'
      },
+     [Object: null prototype] {
-     {
        body: '{"groupId":"archive-063","startRevision":1}',
        delivered: 0,
        group_id: 'archive-063',
        id: 'archive-063:resume',
        kind: 'resume'
      },
+     [Object: null prototype] {
-     {
        body: '{"groupId":"archive-064","estimateId":"estimate-4fba958026f08c47b8dfa2a1","planHash":"1e6261b5fe36755502989b040c2cbc5115902c16db48f7b351c39c6913672b8c"}',
        delivered: 1,
        group_id: 'archive-064',
        id: 'scheduler-wake:archive-064:estimate:estimate-4fba958026f08c47b8dfa2a1',
        kind: 'budget-estimate'
      },
+     [Object: null prototype] {
-     {
        body: '{"groupId":"archive-064","startRevision":1}',
        delivered: 0,
        group_id: 'archive-064',
        id: 'archive-064:start',
        kind: 'start'
      },
+     [Object: null prototype] {
-     {
        body: '{"groupId":"archive-064","startRevision":1}',
        delivered: 0,
        group_id: 'archive-064',
        id: 'archive-064:no-start',
        kind: 'no-start'
      },
+     [Object: null prototype] {
-     {
        body: '{"groupId":"archive-064","startRevision":1}',
        delivered: 0,
        group_id: 'archive-064',
        id: 'archive-064:resume',
        kind: 'resume'
      },
+     [Object: null prototype] {
-     {
        body: '{"groupId":"archive-065","estimateId":"estimate-3ed77b8585c0aea9ecc6e7b8","planHash":"1e6261b5fe36755502989b040c2cbc5115902c16db48f7b351c39c6913672b8c"}',
        delivered: 1,
        group_id: 'archive-065',
        id: 'scheduler-wake:archive-065:estimate:estimate-3ed77b8585c0aea9ecc6e7b8',
        kind: 'budget-estimate'
      },
+     [Object: null prototype] {
-     {
        body: '{"groupId":"archive-065","startRevision":1}',
        delivered: 0,
        group_id: 'archive-065',
        id: 'archive-065:start',
        kind: 'start'
      },
+     [Object: null prototype] {
-     {
        body: '{"groupId":"archive-065","startRevision":1}',
        delivered: 0,
        group_id: 'archive-065',
        id: 'archive-065:no-start',
        kind: 'no-start'
      },
+     [Object: null prototype] {
-     {
        body: '{"groupId":"archive-065","startRevision":1}',
        delivered: 0,
        group_id: 'archive-065',
        id: 'archive-065:resume',
        kind: 'resume'
      },
+     [Object: null prototype] {
-     {
        body: '{"groupId":"archive-066","estimateId":"estimate-9cfd33f078a5f121e9ac5a34","planHash":"1e6261b5fe36755502989b040c2cbc5115902c16db48f7b351c39c6913672b8c"}',
        delivered: 1,
        group_id: 'archive-066',
        id: 'scheduler-wake:archive-066:estimate:estimate-9cfd33f078a5f121e9ac5a34',
        kind: 'budget-estimate'
      },
+     [Object: null prototype] {
-     {
        body: '{"groupId":"archive-066","startRevision":1}',
        delivered: 0,
        group_id: 'archive-066',
        id: 'archive-066:start',
        kind: 'start'
      },
+     [Object: null prototype] {
-     {
        body: '{"groupId":"archive-066","startRevision":1}',
        delivered: 0,
        group_id: 'archive-066',
        id: 'archive-066:no-start',
        kind: 'no-start'
      },
+     [Object: null prototype] {
-     {
        body: '{"groupId":"archive-066","startRevision":1}',
        delivered: 0,
        group_id: 'archive-066',
        id: 'archive-066:resume',
        kind: 'resume'
      },
+     [Object: null prototype] {
-     {
        body: '{"groupId":"archive-067","estimateId":"estimate-437b58c3672a1ae055247940","planHash":"1e6261b5fe36755502989b040c2cbc5115902c16db48f7b351c39c6913672b8c"}',
        delivered: 1,
        group_id: 'archive-067',
        id: 'scheduler-wake:archive-067:estimate:estimate-437b58c3672a1ae055247940',
        kind: 'budget-estimate'
      },
+     [Object: null prototype] {
-     {
        body: '{"groupId":"archive-067","startRevision":1}',
        delivered: 0,
        group_id: 'archive-067',
        id: 'archive-067:start',
        kind: 'start'
      },
+     [Object: null prototype] {
-     {
        body: '{"groupId":"archive-067","startRevision":1}',
        delivered: 0,
        group_id: 'archive-067',
        id: 'archive-067:no-start',
        kind: 'no-start'
      },
+     [Object: null prototype] {
-     {
        body: '{"groupId":"archive-067","startRevision":1}',
        delivered: 0,
        group_id: 'archive-067',
        id: 'archive-067:resume',
        kind: 'resume'
      },
+     [Object: null prototype] {
-     {
        body: '{"groupId":"archive-068","estimateId":"estimate-534a7a0a71b2f2fc496113e5","planHash":"1e6261b5fe36755502989b040c2cbc5115902c16db48f7b351c39c6913672b8c"}',
        delivered: 1,
        group_id: 'archive-068',
        id: 'scheduler-wake:archive-068:estimate:estimate-534a7a0a71b2f2fc496113e5',
        kind: 'budget-estimate'
      },
+     [Object: null prototype] {
-     {
        body: '{"groupId":"archive-068","startRevision":1}',
        delivered: 0,
        group_id: 'archive-068',
        id: 'archive-068:start',
        kind: 'start'
      },
+     [Object: null prototype] {
-     {
        body: '{"groupId":"archive-068","startRevision":1}',
        delivered: 0,
        group_id: 'archive-068',
        id: 'archive-068:no-start',
        kind: 'no-start'
      },
+     [Object: null prototype] {
-     {
        body: '{"groupId":"archive-068","startRevision":1}',
        delivered: 0,
        group_id: 'archive-068',
        id: 'archive-068:resume',
        kind: 'resume'
      },
+     [Object: null prototype] {
-     {
        body: '{"groupId":"archive-069","estimateId":"estimate-277025d547090678c385f5f0","planHash":"1e6261b5fe36755502989b040c2cbc5115902c16db48f7b351c39c6913672b8c"}',
        delivered: 1,
        group_id: 'archive-069',
        id: 'scheduler-wake:archive-069:estimate:estimate-277025d547090678c385f5f0',
        kind: 'budget-estimate'
      },
+     [Object: null prototype] {
-     {
        body: '{"groupId":"archive-069","startRevision":1}',
        delivered: 0,
        group_id: 'archive-069',
        id: 'archive-069:start',
        kind: 'start'
      },
+     [Object: null prototype] {
-     {
        body: '{"groupId":"archive-069","startRevision":1}',
        delivered: 0,
        group_id: 'archive-069',
        id: 'archive-069:no-start',
        kind: 'no-start'
      },
+     [Object: null prototype] {
-     {
        body: '{"groupId":"archive-069","startRevision":1}',
        delivered: 0,
        group_id: 'archive-069',
        id: 'archive-069:resume',
        kind: 'resume'
      },
+     [Object: null prototype] {
-     {
        body: '{"groupId":"archive-070","estimateId":"estimate-0622b942ef8d30752d8a26c2","planHash":"1e6261b5fe36755502989b040c2cbc5115902c16db48f7b351c39c6913672b8c"}',
        delivered: 1,
        group_id: 'archive-070',
        id: 'scheduler-wake:archive-070:estimate:estimate-0622b942ef8d30752d8a26c2',
        kind: 'budget-estimate'
      },
+     [Object: null prototype] {
-     {
        body: '{"groupId":"archive-070","startRevision":1}',
        delivered: 0,
        group_id: 'archive-070',
        id: 'archive-070:start',
        kind: 'start'
      },
+     [Object: null prototype] {
-     {
        body: '{"groupId":"archive-070","startRevision":1}',
        delivered: 0,
        group_id: 'archive-070',
        id: 'archive-070:no-start',
        kind: 'no-start'
      },
+     [Object: null prototype] {
-     {
        body: '{"groupId":"archive-070","startRevision":1}',
        delivered: 0,
        group_id: 'archive-070',
        id: 'archive-070:resume',
        kind: 'resume'
      },
+     [Object: null prototype] {
-     {
        body: '{"groupId":"archive-071","estimateId":"estimate-c5c16c0e27b33ba6e54e65b6","planHash":"1e6261b5fe36755502989b040c2cbc5115902c16db48f7b351c39c6913672b8c"}',
        delivered: 1,
        group_id: 'archive-071',
        id: 'scheduler-wake:archive-071:estimate:estimate-c5c16c0e27b33ba6e54e65b6',
        kind: 'budget-estimate'
      },
+     [Object: null prototype] {
-     {
        body: '{"groupId":"archive-071","startRevision":1}',
        delivered: 0,
        group_id: 'archive-071',
        id: 'archive-071:start',
        kind: 'start'
      },
+     [Object: null prototype] {
-     {
        body: '{"groupId":"archive-071","startRevision":1}',
        delivered: 0,
        group_id: 'archive-071',
        id: 'archive-071:no-start',
        kind: 'no-start'
      },
+     [Object: null prototype] {
-     {
        body: '{"groupId":"archive-071","startRevision":1}',
        delivered: 0,
        group_id: 'archive-071',
        id: 'archive-071:resume',
        kind: 'resume'
      },
+     [Object: null prototype] {
-     {
        body: '{"groupId":"archive-072","estimateId":"estimate-fa6605650567931924c94443","planHash":"1e6261b5fe36755502989b040c2cbc5115902c16db48f7b351c39c6913672b8c"}',
        delivered: 1,
        group_id: 'archive-072',
        id: 'scheduler-wake:archive-072:estimate:estimate-fa6605650567931924c94443',
        kind: 'budget-estimate'
      },
+     [Object: null prototype] {
-     {
        body: '{"groupId":"archive-072","startRevision":1}',
        delivered: 0,
        group_id: 'archive-072',
        id: 'archive-072:start',
        kind: 'start'
      },
+     [Object: null prototype] {
-     {
        body: '{"groupId":"archive-072","startRevision":1}',
        delivered: 0,
        group_id: 'archive-072',
        id: 'archive-072:no-start',
        kind: 'no-start'
      },
+     [Object: null prototype] {
-     {
        body: '{"groupId":"archive-072","startRevision":1}',
        delivered: 0,
        group_id: 'archive-072',
        id: 'archive-072:resume',
        kind: 'resume'
      },
+     [Object: null prototype] {
-     {
        body: '{"groupId":"archive-073","estimateId":"estimate-1c4de8cc5828608a66999510","planHash":"1e6261b5fe36755502989b040c2cbc5115902c16db48f7b351c39c6913672b8c"}',
        delivered: 1,
        group_id: 'archive-073',
        id: 'scheduler-wake:archive-073:estimate:estimate-1c4de8cc5828608a66999510',
        kind: 'budget-estimate'
      },
+     [Object: null prototype] {
-     {
        body: '{"groupId":"archive-073","startRevision":1}',
        delivered: 0,
        group_id: 'archive-073',
        id: 'archive-073:start',
        kind: 'start'
      },
+     [Object: null prototype] {
-     {
        body: '{"groupId":"archive-073","startRevision":1}',
        delivered: 0,
        group_id: 'archive-073',
        id: 'archive-073:no-start',
        kind: 'no-start'
      },
+     [Object: null prototype] {
-     {
        body: '{"groupId":"archive-073","startRevision":1}',
        delivered: 0,
        group_id: 'archive-073',
        id: 'archive-073:resume',
        kind: 'resume'
      },
+     [Object: null prototype] {
-     {
        body: '{"groupId":"archive-074","estimateId":"estimate-0f488c43a46e82b7fbed0867","planHash":"1e6261b5fe36755502989b040c2cbc5115902c16db48f7b351c39c6913672b8c"}',
        delivered: 1,
        group_id: 'archive-074',
        id: 'scheduler-wake:archive-074:estimate:estimate-0f488c43a46e82b7fbed0867',
        kind: 'budget-estimate'
      },
+     [Object: null prototype] {
-     {
        body: '{"groupId":"archive-074","startRevision":1}',
        delivered: 0,
        group_id: 'archive-074',
        id: 'archive-074:start',
        kind: 'start'
      },
+     [Object: null prototype] {
-     {
        body: '{"groupId":"archive-074","startRevision":1}',
        delivered: 0,
        group_id: 'archive-074',
        id: 'archive-074:no-start',
        kind: 'no-start'
      },
+     [Object: null prototype] {
-     {
        body: '{"groupId":"archive-074","startRevision":1}',
        delivered: 0,
        group_id: 'archive-074',
        id: 'archive-074:resume',
        kind: 'resume'
      },
+     [Object: null prototype] {
-     {
        body: '{"groupId":"archive-075","estimateId":"estimate-2525b875818f0dcf37f5b254","planHash":"1e6261b5fe36755502989b040c2cbc5115902c16db48f7b351c39c6913672b8c"}',
        delivered: 1,
        group_id: 'archive-075',
        id: 'scheduler-wake:archive-075:estimate:estimate-2525b875818f0dcf37f5b254',
        kind: 'budget-estimate'
      },
+     [Object: null prototype] {
-     {
        body: '{"groupId":"archive-075","startRevision":1}',
        delivered: 0,
        group_id: 'archive-075',
        id: 'archive-075:start',
        kind: 'start'
      },
+     [Object: null prototype] {
-     {
        body: '{"groupId":"archive-075","startRevision":1}',
        delivered: 0,
        group_id: 'archive-075',
        id: 'archive-075:no-start',
        kind: 'no-start'
      },
+     [Object: null prototype] {
-     {
        body: '{"groupId":"archive-075","startRevision":1}',
        delivered: 0,
        group_id: 'archive-075',
        id: 'archive-075:resume',
        kind: 'resume'
      },
+     [Object: null prototype] {
-     {
        body: '{"groupId":"archive-076","estimateId":"estimate-8b1377b29e8ef587d5306086","planHash":"1e6261b5fe36755502989b040c2cbc5115902c16db48f7b351c39c6913672b8c"}',
        delivered: 1,
        group_id: 'archive-076',
        id: 'scheduler-wake:archive-076:estimate:estimate-8b1377b29e8ef587d5306086',
        kind: 'budget-estimate'
      },
+     [Object: null prototype] {
-     {
        body: '{"groupId":"archive-076","startRevision":1}',
        delivered: 0,
        group_id: 'archive-076',
        id: 'archive-076:start',
        kind: 'start'
      },
+     [Object: null prototype] {
-     {
        body: '{"groupId":"archive-076","startRevision":1}',
        delivered: 0,
        group_id: 'archive-076',
        id: 'archive-076:no-start',
        kind: 'no-start'
      },
+     [Object: null prototype] {
-     {
        body: '{"groupId":"archive-076","startRevision":1}',
        delivered: 0,
        group_id: 'archive-076',
        id: 'archive-076:resume',
        kind: 'resume'
      },
+     [Object: null prototype] {
-     {
        body: '{"groupId":"archive-077","estimateId":"estimate-1f67cb86263b9dfb6a7e060b","planHash":"1e6261b5fe36755502989b040c2cbc5115902c16db48f7b351c39c6913672b8c"}',
        delivered: 1,
        group_id: 'archive-077',
        id: 'scheduler-wake:archive-077:estimate:estimate-1f67cb86263b9dfb6a7e060b',
        kind: 'budget-estimate'
      },
+     [Object: null prototype] {
-     {
        body: '{"groupId":"archive-077","startRevision":1}',
        delivered: 0,
        group_id: 'archive-077',
        id: 'archive-077:start',
        kind: 'start'
      },
+     [Object: null prototype] {
-     {
        body: '{"groupId":"archive-077","startRevision":1}',
        delivered: 0,
        group_id: 'archive-077',
        id: 'archive-077:no-start',
        kind: 'no-start'
      },
+     [Object: null prototype] {
-     {
        body: '{"groupId":"archive-077","startRevision":1}',
        delivered: 0,
        group_id: 'archive-077',
        id: 'archive-077:resume',
        kind: 'resume'
      },
+     [Object: null prototype] {
-     {
        body: '{"groupId":"archive-078","estimateId":"estimate-252fee4d849ef4415d70f57c","planHash":"1e6261b5fe36755502989b040c2cbc5115902c16db48f7b351c39c6913672b8c"}',
        delivered: 1,
        group_id: 'archive-078',
        id: 'scheduler-wake:archive-078:estimate:estimate-252fee4d849ef4415d70f57c',
        kind: 'budget-estimate'
      },
+     [Object: null prototype] {
-     {
        body: '{"groupId":"archive-078","startRevision":1}',
        delivered: 0,
        group_id: 'archive-078',
        id: 'archive-078:start',
        kind: 'start'
      },
+     [Object: null prototype] {
-     {
        body: '{"groupId":"archive-078","startRevision":1}',
        delivered: 0,
        group_id: 'archive-078',
        id: 'archive-078:no-start',
        kind: 'no-start'
      },
+     [Object: null prototype] {
-     {
        body: '{"groupId":"archive-078","startRevision":1}',
        delivered: 0,
        group_id: 'archive-078',
        id: 'archive-078:resume',
        kind: 'resume'
      },
+     [Object: null prototype] {
-     {
        body: '{"groupId":"archive-079","estimateId":"estimate-e786926a2dc08c63de7f854e","planHash":"1e6261b5fe36755502989b040c2cbc5115902c16db48f7b351c39c6913672b8c"}',
        delivered: 1,
        group_id: 'archive-079',
        id: 'scheduler-wake:archive-079:estimate:estimate-e786926a2dc08c63de7f854e',
        kind: 'budget-estimate'
      },
+     [Object: null prototype] {
-     {
        body: '{"groupId":"archive-079","startRevision":1}',
        delivered: 0,
        group_id: 'archive-079',
        id: 'archive-079:start',
        kind: 'start'
      },
+     [Object: null prototype] {
-     {
        body: '{"groupId":"archive-079","startRevision":1}',
        delivered: 0,
        group_id: 'archive-079',
        id: 'archive-079:no-start',
        kind: 'no-start'
      },
+     [Object: null prototype] {
-     {
        body: '{"groupId":"archive-079","startRevision":1}',
        delivered: 0,
        group_id: 'archive-079',
        id: 'archive-079:resume',
        kind: 'resume'
      },
+     [Object: null prototype] {
-     {
        body: '{"groupId":"archive-080","estimateId":"estimate-e0919f670f81f1a613b8b49f","planHash":"1e6261b5fe36755502989b040c2cbc5115902c16db48f7b351c39c6913672b8c"}',
        delivered: 1,
        group_id: 'archive-080',
        id: 'scheduler-wake:archive-080:estimate:estimate-e0919f670f81f1a613b8b49f',
        kind: 'budget-estimate'
      },
+     [Object: null prototype] {
-     {
        body: '{"groupId":"archive-080","startRevision":1}',
        delivered: 0,
        group_id: 'archive-080',
        id: 'archive-080:start',
        kind: 'start'
      },
+     [Object: null prototype] {
-     {
        body: '{"groupId":"archive-080","startRevision":1}',
        delivered: 0,
        group_id: 'archive-080',
        id: 'archive-080:no-start',
        kind: 'no-start'
      },
+     [Object: null prototype] {
-     {
        body: '{"groupId":"archive-080","startRevision":1}',
        delivered: 0,
        group_id: 'archive-080',
        id: 'archive-080:resume',
        kind: 'resume'
      },
+     [Object: null prototype] {
-     {
        body: '{"groupId":"archive-081","estimateId":"estimate-506505ed41782f6d964889d1","planHash":"1e6261b5fe36755502989b040c2cbc5115902c16db48f7b351c39c6913672b8c"}',
        delivered: 1,
        group_id: 'archive-081',
        id: 'scheduler-wake:archive-081:estimate:estimate-506505ed41782f6d964889d1',
        kind: 'budget-estimate'
      },
+     [Object: null prototype] {
-     {
        body: '{"groupId":"archive-081","startRevision":1}',
        delivered: 0,
        group_id: 'archive-081',
        id: 'archive-081:start',
        kind: 'start'
      },
+     [Object: null prototype] {
-     {
        body: '{"groupId":"archive-081","startRevision":1}',
        delivered: 0,
        group_id: 'archive-081',
        id: 'archive-081:no-start',
        kind: 'no-start'
      },
+     [Object: null prototype] {
-     {
        body: '{"groupId":"archive-081","startRevision":1}',
        delivered: 0,
        group_id: 'archive-081',
        id: 'archive-081:resume',
        kind: 'resume'
      },
+     [Object: null prototype] {
-     {
        body: '{"groupId":"archive-082","estimateId":"estimate-0d3788d326c88fe7d4e30f44","planHash":"1e6261b5fe36755502989b040c2cbc5115902c16db48f7b351c39c6913672b8c"}',
        delivered: 1,
        group_id: 'archive-082',
        id: 'scheduler-wake:archive-082:estimate:estimate-0d3788d326c88fe7d4e30f44',
        kind: 'budget-estimate'
      },
+     [Object: null prototype] {
-     {
        body: '{"groupId":"archive-082","startRevision":1}',
        delivered: 0,
        group_id: 'archive-082',
        id: 'archive-082:start',
        kind: 'start'
      },
+     [Object: null prototype] {
-     {
        body: '{"groupId":"archive-082","startRevision":1}',
        delivered: 0,
        group_id: 'archive-082',
        id: 'archive-082:no-start',
        kind: 'no-start'
      },
+     [Object: null prototype] {
-     {
        body: '{"groupId":"archive-082","startRevision":1}',
        delivered: 0,
        group_id: 'archive-082',
        id: 'archive-082:resume',
        kind: 'resume'
      },
+     [Object: null prototype] {
-     {
        body: '{"groupId":"archive-083","estimateId":"estimate-618dc049c2127b75d14a2380","planHash":"1e6261b5fe36755502989b040c2cbc5115902c16db48f7b351c39c6913672b8c"}',
        delivered: 1,
        group_id: 'archive-083',
        id: 'scheduler-wake:archive-083:estimate:estimate-618dc049c2127b75d14a2380',
        kind: 'budget-estimate'
      },
+     [Object: null prototype] {
-     {
        body: '{"groupId":"archive-083","startRevision":1}',
        delivered: 0,
        group_id: 'archive-083',
        id: 'archive-083:start',
        kind: 'start'
      },
+     [Object: null prototype] {
-     {
        body: '{"groupId":"archive-083","startRevision":1}',
        delivered: 0,
        group_id: 'archive-083',
        id: 'archive-083:no-start',
        kind: 'no-start'
      },
+     [Object: null prototype] {
-     {
        body: '{"groupId":"archive-083","startRevision":1}',
        delivered: 0,
        group_id: 'archive-083',
        id: 'archive-083:resume',
        kind: 'resume'
      },
+     [Object: null prototype] {
-     {
        body: '{"groupId":"archive-084","estimateId":"estimate-02bb296ff70fb24128834870","planHash":"1e6261b5fe36755502989b040c2cbc5115902c16db48f7b351c39c6913672b8c"}',
        delivered: 1,
        group_id: 'archive-084',
        id: 'scheduler-wake:archive-084:estimate:estimate-02bb296ff70fb24128834870',
        kind: 'budget-estimate'
      },
+     [Object: null prototype] {
-     {
        body: '{"groupId":"archive-084","startRevision":1}',
        delivered: 0,
        group_id: 'archive-084',
        id: 'archive-084:start',
        kind: 'start'
      },
+     [Object: null prototype] {
-     {
        body: '{"groupId":"archive-084","startRevision":1}',
        delivered: 0,
        group_id: 'archive-084',
        id: 'archive-084:no-start',
        kind: 'no-start'
      },
+     [Object: null prototype] {
-     {
        body: '{"groupId":"archive-084","startRevision":1}',
        delivered: 0,
        group_id: 'archive-084',
        id: 'archive-084:resume',
        kind: 'resume'
      },
+     [Object: null prototype] {
-     {
        body: '{"groupId":"archive-085","estimateId":"estimate-c0e34e648e6fe1ab928c3c5f","planHash":"1e6261b5fe36755502989b040c2cbc5115902c16db48f7b351c39c6913672b8c"}',
        delivered: 1,
        group_id: 'archive-085',
        id: 'scheduler-wake:archive-085:estimate:estimate-c0e34e648e6fe1ab928c3c5f',
        kind: 'budget-estimate'
      },
+     [Object: null prototype] {
-     {
        body: '{"groupId":"archive-085","startRevision":1}',
        delivered: 0,
        group_id: 'archive-085',
        id: 'archive-085:start',
        kind: 'start'
      },
+     [Object: null prototype] {
-     {
        body: '{"groupId":"archive-085","startRevision":1}',
        delivered: 0,
        group_id: 'archive-085',
        id: 'archive-085:no-start',
        kind: 'no-start'
      },
+     [Object: null prototype] {
-     {
        body: '{"groupId":"archive-085","startRevision":1}',
        delivered: 0,
        group_id: 'archive-085',
        id: 'archive-085:resume',
        kind: 'resume'
      },
+     [Object: null prototype] {
-     {
        body: '{"groupId":"archive-086","estimateId":"estimate-2c385c818ef29ffe439ca1ea","planHash":"1e6261b5fe36755502989b040c2cbc5115902c16db48f7b351c39c6913672b8c"}',
        delivered: 1,
        group_id: 'archive-086',
        id: 'scheduler-wake:archive-086:estimate:estimate-2c385c818ef29ffe439ca1ea',
        kind: 'budget-estimate'
      },
+     [Object: null prototype] {
-     {
        body: '{"groupId":"archive-086","startRevision":1}',
        delivered: 0,
        group_id: 'archive-086',
        id: 'archive-086:start',
        kind: 'start'
      },
+     [Object: null prototype] {
-     {
        body: '{"groupId":"archive-086","startRevision":1}',
        delivered: 0,
        group_id: 'archive-086',
        id: 'archive-086:no-start',
        kind: 'no-start'
      },
+     [Object: null prototype] {
-     {
        body: '{"groupId":"archive-086","startRevision":1}',
        delivered: 0,
        group_id: 'archive-086',
        id: 'archive-086:resume',
        kind: 'resume'
      },
+     [Object: null prototype] {
-     {
        body: '{"groupId":"archive-087","estimateId":"estimate-192be00544b00458033497dd","planHash":"1e6261b5fe36755502989b040c2cbc5115902c16db48f7b351c39c6913672b8c"}',
        delivered: 1,
        group_id: 'archive-087',
        id: 'scheduler-wake:archive-087:estimate:estimate-192be00544b00458033497dd',
        kind: 'budget-estimate'
      },
+     [Object: null prototype] {
-     {
        body: '{"groupId":"archive-087","startRevision":1}',
        delivered: 0,
        group_id: 'archive-087',
        id: 'archive-087:start',
        kind: 'start'
      },
+     [Object: null prototype] {
-     {
        body: '{"groupId":"archive-087","startRevision":1}',
        delivered: 0,
        group_id: 'archive-087',
        id: 'archive-087:no-start',
        kind: 'no-start'
      },
+     [Object: null prototype] {
-     {
        body: '{"groupId":"archive-087","startRevision":1}',
        delivered: 0,
        group_id: 'archive-087',
        id: 'archive-087:resume',
        kind: 'resume'
      },
+     [Object: null prototype] {
-     {
        body: '{"groupId":"archive-088","estimateId":"estimate-f70b17a79cdb8bdecaf4fae8","planHash":"1e6261b5fe36755502989b040c2cbc5115902c16db48f7b351c39c6913672b8c"}',
        delivered: 1,
        group_id: 'archive-088',
        id: 'scheduler-wake:archive-088:estimate:estimate-f70b17a79cdb8bdecaf4fae8',
        kind: 'budget-estimate'
      },
+     [Object: null prototype] {
-     {
        body: '{"groupId":"archive-088","startRevision":1}',
        delivered: 0,
        group_id: 'archive-088',
        id: 'archive-088:start',
        kind: 'start'
      },
+     [Object: null prototype] {
-     {
        body: '{"groupId":"archive-088","startRevision":1}',
        delivered: 0,
        group_id: 'archive-088',
        id: 'archive-088:no-start',
        kind: 'no-start'
      },
+     [Object: null prototype] {
-     {
        body: '{"groupId":"archive-088","startRevision":1}',
        delivered: 0,
        group_id: 'archive-088',
        id: 'archive-088:resume',
        kind: 'resume'
      },
+     [Object: null prototype] {
-     {
        body: '{"groupId":"archive-089","estimateId":"estimate-dfd9573a67a2c555dca9ee44","planHash":"1e6261b5fe36755502989b040c2cbc5115902c16db48f7b351c39c6913672b8c"}',
        delivered: 1,
        group_id: 'archive-089',
        id: 'scheduler-wake:archive-089:estimate:estimate-dfd9573a67a2c555dca9ee44',
        kind: 'budget-estimate'
      },
+     [Object: null prototype] {
-     {
        body: '{"groupId":"archive-089","startRevision":1}',
        delivered: 0,
        group_id: 'archive-089',
        id: 'archive-089:start',
        kind: 'start'
      },
+     [Object: null prototype] {
-     {
        body: '{"groupId":"archive-089","startRevision":1}',
        delivered: 0,
        group_id: 'archive-089',
        id: 'archive-089:no-start',
        kind: 'no-start'
      },
+     [Object: null prototype] {
-     {
        body: '{"groupId":"archive-089","startRevision":1}',
        delivered: 0,
        group_id: 'archive-089',
        id: 'archive-089:resume',
        kind: 'resume'
      },
+     [Object: null prototype] {
-     {
        body: '{"groupId":"archive-090","estimateId":"estimate-3060e5fa5c9136f3d24d4139","planHash":"1e6261b5fe36755502989b040c2cbc5115902c16db48f7b351c39c6913672b8c"}',
        delivered: 1,
        group_id: 'archive-090',
        id: 'scheduler-wake:archive-090:estimate:estimate-3060e5fa5c9136f3d24d4139',
        kind: 'budget-estimate'
      },
+     [Object: null prototype] {
-     {
        body: '{"groupId":"archive-090","startRevision":1}',
        delivered: 0,
        group_id: 'archive-090',
        id: 'archive-090:start',
        kind: 'start'
      },
+     [Object: null prototype] {
-     {
        body: '{"groupId":"archive-090","startRevision":1}',
        delivered: 0,
        group_id: 'archive-090',
        id: 'archive-090:no-start',
        kind: 'no-start'
      },
+     [Object: null prototype] {
-     {
        body: '{"groupId":"archive-090","startRevision":1}',
        delivered: 0,
        group_id: 'archive-090',
        id: 'archive-090:resume',
        kind: 'resume'
      },
+     [Object: null prototype] {
-     {
        body: '{"groupId":"archive-091","estimateId":"estimate-402ba8e3ab8f73b97b85e3d7","planHash":"1e6261b5fe36755502989b040c2cbc5115902c16db48f7b351c39c6913672b8c"}',
        delivered: 1,
        group_id: 'archive-091',
        id: 'scheduler-wake:archive-091:estimate:estimate-402ba8e3ab8f73b97b85e3d7',
        kind: 'budget-estimate'
      },
+     [Object: null prototype] {
-     {
        body: '{"groupId":"archive-091","startRevision":1}',
        delivered: 0,
        group_id: 'archive-091',
        id: 'archive-091:start',
        kind: 'start'
      },
+     [Object: null prototype] {
-     {
        body: '{"groupId":"archive-091","startRevision":1}',
        delivered: 0,
        group_id: 'archive-091',
        id: 'archive-091:no-start',
        kind: 'no-start'
      },
+     [Object: null prototype] {
-     {
        body: '{"groupId":"archive-091","startRevision":1}',
        delivered: 0,
        group_id: 'archive-091',
        id: 'archive-091:resume',
        kind: 'resume'
      },
+     [Object: null prototype] {
-     {
        body: '{"groupId":"archive-092","estimateId":"estimate-8373e98a743d21873aff00c8","planHash":"1e6261b5fe36755502989b040c2cbc5115902c16db48f7b351c39c6913672b8c"}',
        delivered: 1,
        group_id: 'archive-092',
        id: 'scheduler-wake:archive-092:estimate:estimate-8373e98a743d21873aff00c8',
        kind: 'budget-estimate'
      },
+     [Object: null prototype] {
-     {
        body: '{"groupId":"archive-092","startRevision":1}',
        delivered: 0,
        group_id: 'archive-092',
        id: 'archive-092:start',
        kind: 'start'
      },
+     [Object: null prototype] {
-     {
        body: '{"groupId":"archive-092","startRevision":1}',
        delivered: 0,
        group_id: 'archive-092',
        id: 'archive-092:no-start',
        kind: 'no-start'
      },
+     [Object: null prototype] {
-     {
        body: '{"groupId":"archive-092","startRevision":1}',
        delivered: 0,
        group_id: 'archive-092',
        id: 'archive-092:resume',
        kind: 'resume'
      },
+     [Object: null prototype] {
-     {
        body: '{"groupId":"archive-093","estimateId":"estimate-7e81fbdc6d6b831d44cb36d2","planHash":"1e6261b5fe36755502989b040c2cbc5115902c16db48f7b351c39c6913672b8c"}',
        delivered: 1,
        group_id: 'archive-093',
        id: 'scheduler-wake:archive-093:estimate:estimate-7e81fbdc6d6b831d44cb36d2',
        kind: 'budget-estimate'
      },
+     [Object: null prototype] {
-     {
        body: '{"groupId":"archive-093","startRevision":1}',
        delivered: 0,
        group_id: 'archive-093',
        id: 'archive-093:start',
        kind: 'start'
      },
+     [Object: null prototype] {
-     {
        body: '{"groupId":"archive-093","startRevision":1}',
        delivered: 0,
        group_id: 'archive-093',
        id: 'archive-093:no-start',
        kind: 'no-start'
      },
+     [Object: null prototype] {
-     {
        body: '{"groupId":"archive-093","startRevision":1}',
        delivered: 0,
        group_id: 'archive-093',
        id: 'archive-093:resume',
        kind: 'resume'
      },
+     [Object: null prototype] {
-     {
        body: '{"groupId":"archive-094","estimateId":"estimate-10f11d2fc41a825daf54f840","planHash":"1e6261b5fe36755502989b040c2cbc5115902c16db48f7b351c39c6913672b8c"}',
        delivered: 1,
        group_id: 'archive-094',
        id: 'scheduler-wake:archive-094:estimate:estimate-10f11d2fc41a825daf54f840',
        kind: 'budget-estimate'
      },
+     [Object: null prototype] {
-     {
        body: '{"groupId":"archive-094","startRevision":1}',
        delivered: 0,
        group_id: 'archive-094',
        id: 'archive-094:start',
        kind: 'start'
      },
+     [Object: null prototype] {
-     {
        body: '{"groupId":"archive-094","startRevision":1}',
        delivered: 0,
        group_id: 'archive-094',
        id: 'archive-094:no-start',
        kind: 'no-start'
      },
+     [Object: null prototype] {
-     {
        body: '{"groupId":"archive-094","startRevision":1}',
        delivered: 0,
        group_id: 'archive-094',
        id: 'archive-094:resume',
        kind: 'resume'
      },
+     [Object: null prototype] {
-     {
        body: '{"groupId":"archive-095","estimateId":"estimate-fa690da523d1b3c12e941957","planHash":"1e6261b5fe36755502989b040c2cbc5115902c16db48f7b351c39c6913672b8c"}',
        delivered: 1,
        group_id: 'archive-095',
        id: 'scheduler-wake:archive-095:estimate:estimate-fa690da523d1b3c12e941957',
        kind: 'budget-estimate'
      },
+     [Object: null prototype] {
-     {
        body: '{"groupId":"archive-095","startRevision":1}',
        delivered: 0,
        group_id: 'archive-095',
        id: 'archive-095:start',
        kind: 'start'
      },
+     [Object: null prototype] {
-     {
        body: '{"groupId":"archive-095","startRevision":1}',
        delivered: 0,
        group_id: 'archive-095',
        id: 'archive-095:no-start',
        kind: 'no-start'
      },
+     [Object: null prototype] {
-     {
        body: '{"groupId":"archive-095","startRevision":1}',
        delivered: 0,
        group_id: 'archive-095',
        id: 'archive-095:resume',
        kind: 'resume'
      },
+     [Object: null prototype] {
-     {
        body: '{"groupId":"archive-096","estimateId":"estimate-4d50f688854a01cba8ffb4b4","planHash":"1e6261b5fe36755502989b040c2cbc5115902c16db48f7b351c39c6913672b8c"}',
        delivered: 1,
        group_id: 'archive-096',
        id: 'scheduler-wake:archive-096:estimate:estimate-4d50f688854a01cba8ffb4b4',
        kind: 'budget-estimate'
      },
+     [Object: null prototype] {
-     {
        body: '{"groupId":"archive-096","startRevision":1}',
        delivered: 0,
        group_id: 'archive-096',
        id: 'archive-096:start',
        kind: 'start'
      },
+     [Object: null prototype] {
-     {
        body: '{"groupId":"archive-096","startRevision":1}',
        delivered: 0,
        group_id: 'archive-096',
        id: 'archive-096:no-start',
        kind: 'no-start'
      },
+     [Object: null prototype] {
-     {
        body: '{"groupId":"archive-096","startRevision":1}',
        delivered: 0,
        group_id: 'archive-096',
        id: 'archive-096:resume',
        kind: 'resume'
      },
+     [Object: null prototype] {
-     {
        body: '{"groupId":"archive-097","estimateId":"estimate-4913dac863eee6453dd922ab","planHash":"1e6261b5fe36755502989b040c2cbc5115902c16db48f7b351c39c6913672b8c"}',
        delivered: 1,
        group_id: 'archive-097',
        id: 'scheduler-wake:archive-097:estimate:estimate-4913dac863eee6453dd922ab',
        kind: 'budget-estimate'
      },
+     [Object: null prototype] {
-     {
        body: '{"groupId":"archive-097","startRevision":1}',
        delivered: 0,
        group_id: 'archive-097',
        id: 'archive-097:start',
        kind: 'start'
      },
+     [Object: null prototype] {
-     {
        body: '{"groupId":"archive-097","startRevision":1}',
        delivered: 0,
        group_id: 'archive-097',
        id: 'archive-097:no-start',
        kind: 'no-start'
      },
+     [Object: null prototype] {
-     {
        body: '{"groupId":"archive-097","startRevision":1}',
        delivered: 0,
        group_id: 'archive-097',
        id: 'archive-097:resume',
        kind: 'resume'
      },
+     [Object: null prototype] {
-     {
        body: '{"groupId":"archive-098","estimateId":"estimate-bf9df3aab6c3da1edbb9f556","planHash":"1e6261b5fe36755502989b040c2cbc5115902c16db48f7b351c39c6913672b8c"}',
        delivered: 1,
        group_id: 'archive-098',
        id: 'scheduler-wake:archive-098:estimate:estimate-bf9df3aab6c3da1edbb9f556',
        kind: 'budget-estimate'
      },
+     [Object: null prototype] {
-     {
        body: '{"groupId":"archive-098","startRevision":1}',
        delivered: 0,
        group_id: 'archive-098',
        id: 'archive-098:start',
        kind: 'start'
      },
+     [Object: null prototype] {
-     {
        body: '{"groupId":"archive-098","startRevision":1}',
        delivered: 0,
        group_id: 'archive-098',
        id: 'archive-098:no-start',
        kind: 'no-start'
      },
+     [Object: null prototype] {
-     {
        body: '{"groupId":"archive-098","startRevision":1}',
        delivered: 0,
        group_id: 'archive-098',
        id: 'archive-098:resume',
        kind: 'resume'
      },
+     [Object: null prototype] {
-     {
        body: '{"groupId":"archive-099","estimateId":"estimate-4f8587ff6ebdfe8de6afb1d8","planHash":"1e6261b5fe36755502989b040c2cbc5115902c16db48f7b351c39c6913672b8c"}',
        delivered: 1,
        group_id: 'archive-099',
        id: 'scheduler-wake:archive-099:estimate:estimate-4f8587ff6ebdfe8de6afb1d8',
        kind: 'budget-estimate'
      },
+     [Object: null prototype] {
-     {
        body: '{"groupId":"archive-099","startRevision":1}',
        delivered: 0,
        group_id: 'archive-099',
        id: 'archive-099:start',
        kind: 'start'
      },
+     [Object: null prototype] {
-     {
        body: '{"groupId":"archive-099","startRevision":1}',
        delivered: 0,
        group_id: 'archive-099',
        id: 'archive-099:no-start',
        kind: 'no-start'
      },
+     [Object: null prototype] {
-     {
        body: '{"groupId":"archive-099","startRevision":1}',
        delivered: 0,
        group_id: 'archive-099',
        id: 'archive-099:resume',
        kind: 'resume'

    at main (/private/tmp/od9/performance-after/tests/bench/controlPollPerformance.ts:115:501) {
  generatedMessage: true,
  code: 'ERR_ASSERTION',
  actual: [Object],
  expected: [Object],
  operator: 'deepStrictEqual'
}
